vid_title,vid_id,category,views,duration,url
5 Minute Abs Desk Workout | Exercises For a Flat Belly,5zjZIHsHuDI,Workout,36833,6.42,https://www.youtube.com/watch?v=5zjZIHsHuDI
Real Time Desk Exercises &amp; Stretches - Ask Doctor Jo,CAq9vV7gkrs,Workout,14089,11.12,https://www.youtube.com/watch?v=CAq9vV7gkrs
Standing Desk Workout - 5 Exercises to do at Work,9N6ZQz-CV44,Workout,22416,5.23,https://www.youtube.com/watch?v=9N6ZQz-CV44
Easy 10-Minute Workout You Can Do at Your Desk,0Dp2rL397jA,Workout,76646,2.45,https://www.youtube.com/watch?v=0Dp2rL397jA
How to Get Your Daily Workout at Your Desk | WSJ,XEm9QuABBKs,Workout,27434,3.92,https://www.youtube.com/watch?v=XEm9QuABBKs
Lose hanging lower belly fat sitting - Beginner friendly chair workout,0x_MsUr3tag,Workout,901460,14.32,https://www.youtube.com/watch?v=0x_MsUr3tag
12 Core Strengthening Exercises You Can Do In The Office (WITHOUT LEAVING YOUR SEAT),dM0rrWFbMpg,Workout,161321,5.97,https://www.youtube.com/watch?v=dM0rrWFbMpg
Stretch Breaks at Your Desk (2018),vE1idGTZOIY,Workout,100011,1.98,https://www.youtube.com/watch?v=vE1idGTZOIY
Full Body Desk Workout,FABeW2UYbMI,Workout,11003,11.25,https://www.youtube.com/watch?v=FABeW2UYbMI
The 5 Minute Desk Workout | Fitness,eR1AWOp6t30,Workout,34538,5.62,https://www.youtube.com/watch?v=eR1AWOp6t30
Exercise at Your Desk! Seated Office Workout for Energy,U8tB5wtdZnY,Workout,96874,11.25,https://www.youtube.com/watch?v=U8tB5wtdZnY
Deskercise -  Lower Back and Torso Stretches,5M-b1c2spPE,Workout,68482,2.17,https://www.youtube.com/watch?v=5M-b1c2spPE
INTENSE Exercises To Do At Your Desk,DgxuAKSa6OM,Workout,155011,10.52,https://www.youtube.com/watch?v=DgxuAKSa6OM
Yoga at Your Desk,tAUf7aajBWE,Workout,1348428,6.4,https://www.youtube.com/watch?v=tAUf7aajBWE
10 Min Office Workout Exercises - Quick Office Workout Routine - 1 workout a day,M_heu5pg2IQ,Workout,99217,10.47,https://www.youtube.com/watch?v=M_heu5pg2IQ
Easy At-Work Stretches for Neck Pain and Back Pain,XkT7jxFfPHA,Workout,58912,3.47,https://www.youtube.com/watch?v=XkT7jxFfPHA
7-MINUTE STANDING DESK WORKOUT!,tjVE9zaISRQ,Workout,1848,7.97,https://www.youtube.com/watch?v=tjVE9zaISRQ
2 Minutes office chair workout | Stress Relieving Exercise,GWTpAJW0q9M,Workout,15694,4.12,https://www.youtube.com/watch?v=GWTpAJW0q9M
5 Minute Desk Chair Workout--Get Moving During Your Work Day!,oPjdR-yU0PQ,Workout,6659,7.18,https://www.youtube.com/watch?v=oPjdR-yU0PQ
Desk exercises,Lg8PFfd85ts,Workout,93908,3.3,https://www.youtube.com/watch?v=Lg8PFfd85ts
Office Exercises You Can Do In Secret. Get in a Workout at Work.,GIUwLNAxesA,Workout,3417,3.35,https://www.youtube.com/watch?v=GIUwLNAxesA
Chair Cardio for Fat Loss: Seated No Impact Fitness Class,_nZ07OVtSmQ,Workout,225769,24.05,https://www.youtube.com/watch?v=_nZ07OVtSmQ
"Office Mobility Routine: Desk Workout for Stiff Neck, Shoulders, and Back at Work",6Kr6KEADhoU,Workout,26269,4.93,https://www.youtube.com/watch?v=6Kr6KEADhoU
Desk Workout,H1UHEtUmRT4,Workout,311,6.02,https://www.youtube.com/watch?v=H1UHEtUmRT4
sitting arms series (do this at your desk),h1dpwovNnxA,Workout,177744,4.43,https://www.youtube.com/watch?v=h1dpwovNnxA
"Do This: 4 minute, intense arm workout at your desk!",biqnsa9j6Bc,Workout,3668,6.87,https://www.youtube.com/watch?v=biqnsa9j6Bc
Stand Up Desk Energising Workout,7_L3SMHhxjM,Workout,18001,2.37,https://www.youtube.com/watch?v=7_L3SMHhxjM
Ultimate OFFICE CHAIR Ab Workout | No Excuses | Brendan Meyers,8c5pGC_8_5E,Workout,89482,4.77,https://www.youtube.com/watch?v=8c5pGC_8_5E
30-Minute Desk Workout With Dolvett Quince | Thrive Market,OSGR805EOUc,Workout,65979,6.72,https://www.youtube.com/watch?v=OSGR805EOUc
5-MINUTE SEATED DESK WORKOUT!,O2-E0pEze84,Workout,196,5.6,https://www.youtube.com/watch?v=O2-E0pEze84
Mini-Desk Workout: Fixing a Slouched Posture,-cw0X0NAwUw,Workout,610,3.28,https://www.youtube.com/watch?v=-cw0X0NAwUw
Fast 3 Minute Office Workout,QgvU0rCe7S0,Workout,4025,3.15,https://www.youtube.com/watch?v=QgvU0rCe7S0
FAST Desk Workout -  At Work Exercises that WORK!,H6SJ1TALyP8,Workout,9357,4.45,https://www.youtube.com/watch?v=H6SJ1TALyP8
Improve you posture from your desk! (10 min workout - sitting stretches &amp; exercises),RXEUOPFEGLI,Workout,15267,10.33,https://www.youtube.com/watch?v=RXEUOPFEGLI
10 Minute Exercises at Work  - 10 Min Office Workout Exercises - Quick Office Workout Routine,mH3AzNyPalY,Workout,12418,9.75,https://www.youtube.com/watch?v=mH3AzNyPalY
Desk Exercises at Work | Office Workout: Exercises at Desk While Working,EI7rPiEGVS8,Workout,733,2.5,https://www.youtube.com/watch?v=EI7rPiEGVS8
Relaxing Stretching Workout for Stiff Muscles &amp; Stress Relief - Easy Stretches to Do at Work,a9WC_eLmP30,Workout,2172336,6.07,https://www.youtube.com/watch?v=a9WC_eLmP30
Desk Workout Using Bands,S8zPcenZb0U,Workout,829,1.17,https://www.youtube.com/watch?v=S8zPcenZb0U
The Easy At-Your-Desk Workout for Your Thighs | #OWNSHOW | Oprah Online,QLi0E-5gwrM,Workout,2535,1.7,https://www.youtube.com/watch?v=QLi0E-5gwrM
10-Minute Exercises at Work,ytLAobeZrbE,Workout,102383,11.92,https://www.youtube.com/watch?v=ytLAobeZrbE
15-Minute Desk Workout,iQgLd1fmre4,Workout,109335,15.58,https://www.youtube.com/watch?v=iQgLd1fmre4
Office Based Workout | Nuffield Health,Lqw2u3vHHos,Workout,41706,4.13,https://www.youtube.com/watch?v=Lqw2u3vHHos
Health Style - Office Workout,P8sOb4rcc-w,Workout,19071,0.53,https://www.youtube.com/watch?v=P8sOb4rcc-w
Cubii Smart Under-Desk Elliptical Review - Ask Doctor Jo,V0ICZ7BzSUc,Workout,192172,5.25,https://www.youtube.com/watch?v=V0ICZ7BzSUc
Desk Workout | Simple &amp; Effective,woqplFGJBC4,Workout,800,10.4,https://www.youtube.com/watch?v=woqplFGJBC4
CHAIR EXERCISES - SEATED CHAIR WORKOUT - IDEAL  SEATED WORKOUT FOR WEIGHT LOSS by Lucy Wyndham-Read,9PpO-sh2HD4,Workout,115359,12.67,https://www.youtube.com/watch?v=9PpO-sh2HD4
15-Minute Desk Workout,nKCPcRcJmqc,Workout,425505,15.58,https://www.youtube.com/watch?v=nKCPcRcJmqc
7 mins WORK BREAK workout at your desk (on your chair),yGeJ745bB_8,Workout,368,7.52,https://www.youtube.com/watch?v=yGeJ745bB_8
10-Minute Workout You Can Do From Your Desk | P.volve Workouts,57kRQdYGTEo,Workout,6246,9.63,https://www.youtube.com/watch?v=57kRQdYGTEo
Desk Workout - 5 Minute Office Fitness &amp; Computer Workout w/ Jake Mace!,puJjT3DsP88,Workout,7762,5.53,https://www.youtube.com/watch?v=puJjT3DsP88
NO GYM FULL BODY WORKOUT (feat. 5 min Tabata) | 5Î∂Ñ Ï†ÑÏã† ÌÉÄÎ∞îÌÉÄ Ïö¥Îèô,Tz9d7By2ytQ,Workout,19454505,5.4,https://www.youtube.com/watch?v=Tz9d7By2ytQ
5-Minute Standing Flat-Belly Workout | Class FitSugar,SRq7XtDW0wg,Workout,11336548,5.62,https://www.youtube.com/watch?v=SRq7XtDW0wg
5-Minute Workout That Replaces High-Intensity Cardio,FXDWtYsu1dQ,Workout,35547632,11.05,https://www.youtube.com/watch?v=FXDWtYsu1dQ
5 MINUTE FAT BURNER üí™üíï Ultimate No Equipment Cardio Workout,EDD4GxHVess,Workout,514503,5.22,https://www.youtube.com/watch?v=EDD4GxHVess
Bowflex¬Æ Bodyweight Workout | Five-Minute Cardio Blast Workout,BR0jT6JxH-o,Workout,6037835,5.55,https://www.youtube.com/watch?v=BR0jT6JxH-o
"LOSE FAT in 7 days (belly, waist &amp; abs) | 5 minute Home Workout",ohgLmY19jNg,Workout,9901363,5.88,https://www.youtube.com/watch?v=ohgLmY19jNg
5 MINUTE MORNING WORKOUT (NO EQUIPMENT),ZtNAGrM1gMM,Workout,173486,5.62,https://www.youtube.com/watch?v=ZtNAGrM1gMM
"5 min Cardio for Beginners - No Equipment Home Workout - 40 second, 20 second Intervals",q2NZyW5EP5A,Workout,346626,5.33,https://www.youtube.com/watch?v=q2NZyW5EP5A
5 Minute Butt and Thigh Workout for a Bigger Butt - Exercises to Lift and Tone Your Butt and Thighs,afghBre8NlI,Workout,66765681,5.3,https://www.youtube.com/watch?v=afghBre8NlI
5 MIN HOME WORKOUT YOU CAN DO EVERY MORNING l Îß§Ïùº ÏïÑÏπ® 5Î∂Ñ Ï†ÑÏã† ÌôàÌä∏Î†àÏù¥Îãù,fLLScgWQcHc,Workout,1737645,5.45,https://www.youtube.com/watch?v=fLLScgWQcHc
5 Minute Move | Kids Workout 1 | The Body Coach TV,d3LPrhI0v-w,Workout,2759217,5.83,https://www.youtube.com/watch?v=d3LPrhI0v-w
5 Minute LOWER ABS Workout üëôüíï LOSE LOWER BELLY FAT,Jnkz6q39Dlw,Workout,1439303,5.55,https://www.youtube.com/watch?v=Jnkz6q39Dlw
5 MINUTE BEDTIME WORKOUT ROUTINE,5Q4ewnHMNW8,Workout,2363274,5.52,https://www.youtube.com/watch?v=5Q4ewnHMNW8
5 min Cardio HIIT Workout for Fat Loss - 40s/20s Intervals - Home Workouts,XGtjACeyHtc,Workout,2093573,5.33,https://www.youtube.com/watch?v=XGtjACeyHtc
Shaun T&#39;s 5-Minute Fat-Blasting Workout,-kQpTMkQo3Y,Workout,6056641,5.7,https://www.youtube.com/watch?v=-kQpTMkQo3Y
5 MIN DAILY STRETCH - a super quick routine for every day / No Equipment I Pamela Reif,KPG1tJW8dwQ,Workout,1480958,6.23,https://www.youtube.com/watch?v=KPG1tJW8dwQ
5 MINUTE HOME AB WORKOUT (6 PACK FOR BEGINNERS),6auB47_9Kq4,Workout,857655,5.63,https://www.youtube.com/watch?v=6auB47_9Kq4
5 MIN UPPER BODY WORKOUT (NO EQUIPMENT NEEDED)  |  5Î∂Ñ ÏÉÅÏ≤¥Ïö¥Îèô Î£®Ìã¥ (Í∞ÄÏä¥ Ïñ¥Íπ® Îì±),1fjeQKI-5wg,Workout,1736308,5.37,https://www.youtube.com/watch?v=1fjeQKI-5wg
5 Minute Belly Blasting Walk!,ujGr3nrZfvQ,Workout,10177004,5.2,https://www.youtube.com/watch?v=ujGr3nrZfvQ
5-Minute Warm Up for At-Home Workouts,Ks-lKvKQ8f4,Workout,5724902,5.92,https://www.youtube.com/watch?v=Ks-lKvKQ8f4
Shaun T&#39;s 5-Minute Fat-Blasting Workout - Best of Oz Collection,t1rhghuWIg4,Workout,17461,5.83,https://www.youtube.com/watch?v=t1rhghuWIg4
6 PACK ABS WORKOUT (Lose Belly Fat)  |  5Î∂Ñ ÏãùÏä§Ìå© Î≥µÍ∑º Ïö¥Îèô (Î≥µÎ∂ÄÏßÄÎ∞© ÌÉúÏö∞Í∏∞),tjZm34Kfpmg,Workout,3283518,5.4,https://www.youtube.com/watch?v=tjZm34Kfpmg
[Level 3] 5 minute Abs &amp; Core workout,c6DorYn0uGQ,Workout,9900163,5.35,https://www.youtube.com/watch?v=c6DorYn0uGQ
5-Minute Squat Workout for a Tight Booty,6XpGQ2EhfUQ,Workout,1328763,5.75,https://www.youtube.com/watch?v=6XpGQ2EhfUQ
5 MINUTE SLIM THIGHS and SIDE BOOTY  üíï No Equipment Pilates workout,xr3TEHdV2Wo,Workout,1372984,7.42,https://www.youtube.com/watch?v=xr3TEHdV2Wo
5 MIN BED TIME WORKOUT (NO EQUIPMENT BODYWEIGHT  WORKOUT!),A4Ki2SIX3b4,Workout,446659,5.42,https://www.youtube.com/watch?v=A4Ki2SIX3b4
5-Minute Workout to Get a Flat Stomach In a Week,kXFSy-DZasQ,Workout,2824907,10.83,https://www.youtube.com/watch?v=kXFSy-DZasQ
Bowflex¬Æ Bodyweight Workout | Five-Minute Holiday Season HIIT,AzxS7QJ5vjY,Workout,532700,5.85,https://www.youtube.com/watch?v=AzxS7QJ5vjY
"5 Min Slow Workout Full Body for Beginners// NO BREAKS, NO TALKING, NO TIMER NEEDED: ONLY MUSIC!",6MxhIVg96Is,Workout,15686,5.08,https://www.youtube.com/watch?v=6MxhIVg96Is
5 MINUTE CHEST WORKOUT(NO EQUIPMENT),_q_-adYzkh0,Workout,6241218,6.15,https://www.youtube.com/watch?v=_q_-adYzkh0
5 min &quot;Wake up Happy&quot; Morning Workout Routine,iLV4swo-uhE,Workout,510776,7.93,https://www.youtube.com/watch?v=iLV4swo-uhE
Bowflex¬Æ Stretch | Five-Minute Full Body Stretch,2L2lnxIcNmo,Workout,11979561,5.55,https://www.youtube.com/watch?v=2L2lnxIcNmo
How to Lose Belly Fat: 5 Minute Abs,bqxxtxXWMsM,Workout,21230297,6.35,https://www.youtube.com/watch?v=bqxxtxXWMsM
Fast 5 Minute Cool Down and Stretching Workout for Busy People,u5Hr3rNUZ24,Workout,6048074,4.88,https://www.youtube.com/watch?v=u5Hr3rNUZ24
5 MIN LOWER BODY WORKOUT (NO REST TABATA) // No Equipment &amp; Fat Burning | 5Î∂Ñ ÌïòÏ≤¥ÏßÄÎ∞© Ìè≠Ìåå ÌÉÄÎ∞îÌÉÄ Ïö¥Îèô,JIQUbPqfVV4,Workout,797743,5.37,https://www.youtube.com/watch?v=JIQUbPqfVV4
INTENSE CARDIO WORKOUT (Burn 100 calories in 5 min!!!),pTe_t20vYHM,Workout,5274522,5.68,https://www.youtube.com/watch?v=pTe_t20vYHM
"5 minute arm workout- get long, lean, toned arms",4lvwAEKGsMQ,Workout,5119771,7.3,https://www.youtube.com/watch?v=4lvwAEKGsMQ
5 Minute Move | Kids Workout 2 | The Body Coach TV,SbFqQarDM50,Workout,534377,5.67,https://www.youtube.com/watch?v=SbFqQarDM50
BODYWEIGHT 5 MIN MEDIUM INTENSITY WORKOUT| MEN &amp; WOMEN WORKOUT| HOME QUARANTINED WORKOUT,idl3_wvbKrg,Workout,1898924,6.53,https://www.youtube.com/watch?v=idl3_wvbKrg
5-Minute PLANK Challenge | Strong Abs &amp; Core | Joanna Soh,6X1c79oyYV4,Workout,2739986,7.08,https://www.youtube.com/watch?v=6X1c79oyYV4
5 MIN FAT BURNING MORNING ROUTINE (FOLLOW ALONG),cARRXEa-HvU,Workout,2250707,6.92,https://www.youtube.com/watch?v=cARRXEa-HvU
5- minute easy zumba  Dance workout,Vkwy1LaxtTE,Workout,2015271,4.7,https://www.youtube.com/watch?v=Vkwy1LaxtTE
5 Minute Intense Sixpack Workout (AT HOME),Z0U8LuVCwWQ,Workout,1097218,6.0,https://www.youtube.com/watch?v=Z0U8LuVCwWQ
Intense 5 Minute Dumbbell Bicep Workout,1FN6ovYpkoM,Workout,4958775,6.32,https://www.youtube.com/watch?v=1FN6ovYpkoM
SMALLER WAIST and LOSE BELLY FAT üíïüíï5 MINUTE FLAT ABS WORKOUT,CBhjgLuYJOw,Workout,252174,5.87,https://www.youtube.com/watch?v=CBhjgLuYJOw
5 Minute Move | Kids Workout 5 | The Body Coach TV,rN0h6EZd6TM,Workout,196476,5.27,https://www.youtube.com/watch?v=rN0h6EZd6TM
5 Minute Mini WALK from Miracle Miles 3 Mile!,vAXKIcC-zC0,Workout,851106,5.77,https://www.youtube.com/watch?v=vAXKIcC-zC0
Intense 5 Minute At Home Bicep Workout #2,u7MVeTlDX9A,Workout,1662793,8.17,https://www.youtube.com/watch?v=u7MVeTlDX9A
NO GYM - FULL BODY WORKOUT (‡§ò‡§∞ ‡§™‡§∞ 5 Min ‡§ï‡§æ Best Workout) | Fit Tuber Hindi,ELUngT_-YvE,Workout,916006,7.1,https://www.youtube.com/watch?v=ELUngT_-YvE
5 MIN Express Ab Workout - No Equipment //  Model Fitness Routine @Sami Clarke // Sanne Vloet,i2UeDLOWP_Y,Workout,102775,5.95,https://www.youtube.com/watch?v=i2UeDLOWP_Y
10 MINUTE FAT BURNING MORNING ROUTINE | Do this every day | Rowan Row,7KSNmziMqog,Workout,12829620,10.92,https://www.youtube.com/watch?v=7KSNmziMqog
10 MIN FULL BODY WORKOUT // No Equipment | Pamela Reif,6VFLKdfxA24,Workout,4940756,10.53,https://www.youtube.com/watch?v=6VFLKdfxA24
10 MIN MORNING WORKOUT (NO EQUIPMENT BODYWEIGHT WORKOUT!),bQKIczEj8m4,Workout,18152382,10.38,https://www.youtube.com/watch?v=bQKIczEj8m4
10 Minute FULL BODY Workout | The Body Coach TV,KrmYjcQzSsQ,Workout,470855,11.7,https://www.youtube.com/watch?v=KrmYjcQzSsQ
10 MINUTE MORNING WORKOUT (NO EQUIPMENT),3sEeVJEXTfY,Workout,4418758,10.52,https://www.youtube.com/watch?v=3sEeVJEXTfY
10 MIN CARDIO / No Jumping - silent &amp; neighbor friendly / No Equipment I Pamela Reif,gFeEUq2624Q,Workout,5748182,10.57,https://www.youtube.com/watch?v=gFeEUq2624Q
Victoria&#39;s Secret Model Workout: 10-Minute Fat-Blasting Circuit,PWEdJRRndkQ,Workout,14491131,10.52,https://www.youtube.com/watch?v=PWEdJRRndkQ
"10-Minute No-Equipment, At-Home Cardio Workout",gUWFmn8f3H4,Workout,1245447,11.18,https://www.youtube.com/watch?v=gUWFmn8f3H4
10 MIN HIGH INTENSITY WORKOUT - burn lots of calories / No Equipment I Pamela Reif,zr08J6wB53Y,Workout,2696945,10.77,https://www.youtube.com/watch?v=zr08J6wB53Y
10 MIN BODYWEIGHT WORKOUT (NO EQUIPMENT HOME WORKOUT!),UoC_O3HzsH0,Workout,11870644,10.93,https://www.youtube.com/watch?v=UoC_O3HzsH0
10 MIN GOOD MORNING WORKOUT - Stretch &amp; Train // No Equipment | Pamela Reif,diPRDW6CxWM,Workout,8735757,10.28,https://www.youtube.com/watch?v=diPRDW6CxWM
10 MIN AB WORKOUT // No Equipment | Pamela Reif,AnYl6Nk9GOA,Workout,28622540,10.43,https://www.youtube.com/watch?v=AnYl6Nk9GOA
10 Minute Cardio Dance Abs Workout: Burn to the Beat- Keaira LaShae,XTH5saFBDqA,Workout,28166441,11.3,https://www.youtube.com/watch?v=XTH5saFBDqA
Killer 10 Minute Fat Burning Bodyweight Workout,_knIf9vF4k4,Workout,5739570,10.65,https://www.youtube.com/watch?v=_knIf9vF4k4
10-Minute Standing Barre Core Workout,KcY7ITTDecs,Workout,1215525,12.97,https://www.youtube.com/watch?v=KcY7ITTDecs
10 Minute CARDIO BLAST | At Home Workouts,ZllXIKITzfg,Workout,2548758,10.97,https://www.youtube.com/watch?v=ZllXIKITzfg
10 MINUTE MORNING WORKOUT 2.0 (NO EQUIPMENT),Tj2EqWRPIl8,Workout,186396,10.57,https://www.youtube.com/watch?v=Tj2EqWRPIl8
10 MIN BEGINNER AB WORKOUT // No Equipment | Pamela Reif,1f8yoFFdkcY,Workout,23671409,10.5,https://www.youtube.com/watch?v=1f8yoFFdkcY
10 MIN FULL BODY TABATA (BURNING FAT AT HOME) l 10Î∂Ñ Ï†ÑÏã† ÌÉÄÎ∞îÌÉÄ (ÏßÄÎ∞© ÌÉúÏö∞Í∏∞ ÌôàÌä∏),L1kS5I99dlM,Workout,762778,10.4,https://www.youtube.com/watch?v=L1kS5I99dlM
Do This Workout Every Evening - 10 Minute Full Body To Get In Shape,agvdkRc_img,Workout,1152766,10.88,https://www.youtube.com/watch?v=agvdkRc_img
10 Min Standing Abs Workout to get Ripped ABS,V4sWpLJcQoU,Workout,16293567,10.63,https://www.youtube.com/watch?v=V4sWpLJcQoU
10 Min Morning Routine to Burn Belly Fat | No Jumping,xyR8McQnGuw,Workout,11131132,10.87,https://www.youtube.com/watch?v=xyR8McQnGuw
10 MIN CARDIO WORKOUT AT HOME (Equipment Free),sjmsApWcyCU,Workout,2170247,13.03,https://www.youtube.com/watch?v=sjmsApWcyCU
10 Minute BRISK WALK | At Home Workouts,tVpUCkMLgms,Workout,1810013,9.8,https://www.youtube.com/watch?v=tVpUCkMLgms
10 Minute Home Workout For 6Pack Abs + Fat Burning,ofTiKY3hYdE,Workout,6751989,13.88,https://www.youtube.com/watch?v=ofTiKY3hYdE
10 Day Challenge - 10 Minute Workout To Lose Fat Fast,PtdOi8Y3oRQ,Workout,191888,10.33,https://www.youtube.com/watch?v=PtdOi8Y3oRQ
10 MINUTE BODYWEIGHT WORKOUT (NO EQUIPMENT),ANZoU4QYiHE,Workout,347829,10.5,https://www.youtube.com/watch?v=ANZoU4QYiHE
Interval Training - 10 Minute Walk at Home Routine | Fitness Videos,vu3gsiA1KLs,Workout,2662229,10.83,https://www.youtube.com/watch?v=vu3gsiA1KLs
10-Minute Cardio Jump Workout to Burn Major Calories | Class FitSugar,eqjZeX3F2nA,Workout,2869184,10.75,https://www.youtube.com/watch?v=eqjZeX3F2nA
"10-Minute Workout for Teenagers | No Weights, No Jumping! | Joanna Soh",pj4TVbnIEgk,Workout,443278,11.52,https://www.youtube.com/watch?v=pj4TVbnIEgk
10 minute at HOME HIIT CARDIO workout for FAT LOSS | no equipment | Naomi Ganzu Fitness,xZeL5Jf_GHE,Workout,4235376,11.85,https://www.youtube.com/watch?v=xZeL5Jf_GHE
10 MIN CALORIE KILLER / Medium Level - a HIIT workout that won&#39;t kill you I Pamela Reif,NmCXy7oMsOs,Workout,2812491,10.53,https://www.youtube.com/watch?v=NmCXy7oMsOs
10 MIN BEGINNER FULL BODY WORKOUT at home no equipment | Get MADFIT with me,EMU5ERi3gg0,Workout,582645,12.7,https://www.youtube.com/watch?v=EMU5ERi3gg0
10-Minute Workout to Sculpt Your Body in 2 Weeks,2DNioliqOug,Workout,8686999,14.62,https://www.youtube.com/watch?v=2DNioliqOug
10 minute LOW IMPACT fun cardio workout. No equipment.,tYyNM9pmOlA,Workout,574489,9.98,https://www.youtube.com/watch?v=tYyNM9pmOlA
10-Minute HOME WORKOUT | No Equipment Full Body Exercise | GunjanShouts,ZnoJ4ZmdPcA,Workout,1846082,11.82,https://www.youtube.com/watch?v=ZnoJ4ZmdPcA
10 Minute Standing ABS WORKOUT // No Equipment,Qia2ZXEzyLw,Workout,5396583,11.38,https://www.youtube.com/watch?v=Qia2ZXEzyLw
10 MIN FULL BODY WORKOUT (NO EQUIPMENT BODYWEIGHT WORKOUT!),rAU7taj1g6E,Workout,247782,10.48,https://www.youtube.com/watch?v=rAU7taj1g6E
10 Minute Home Ab Workout (6 PACK GUARANTEED!),uUKAYkQZXko,Workout,18848619,10.45,https://www.youtube.com/watch?v=uUKAYkQZXko
10 min FULL BODY FAT BURNING HIIT (No Equipment),48tN82L4nD0,Workout,632898,13.83,https://www.youtube.com/watch?v=48tN82L4nD0
"10 Minute Fat Burning Cardio Workout - At home, No Jumping (Quiet)",Wg6-xYyB0cg,Workout,334808,11.63,https://www.youtube.com/watch?v=Wg6-xYyB0cg
10 Minute Intense Tabata-style Workout | The Body Coach,b9kswCNyDDY,Workout,362996,10.7,https://www.youtube.com/watch?v=b9kswCNyDDY
10 Minute Beginner Low Impact Cardio Workout For Fat Loss,9H9qdpUzu4M,Workout,2658576,12.58,https://www.youtube.com/watch?v=9H9qdpUzu4M
10 MIN SIXPACK WORKOUT // No Equipment | Pamela Reif,Q-vuR4PJh2c,Workout,40947688,10.38,https://www.youtube.com/watch?v=Q-vuR4PJh2c
Fat Blast 10 Minute Workout | The Lean Machines | Tonic,c2aSpxlm0Mw,Workout,1015823,10.68,https://www.youtube.com/watch?v=c2aSpxlm0Mw
10 Minute Home Workout For Seniors | The Body Coach TV,A2wp8Ipxn9s,Workout,2983608,11.18,https://www.youtube.com/watch?v=A2wp8Ipxn9s
ENERGY BOOSTING FULLBODY 10 MIN WORKOUT l ÏóêÎÑàÏßÄ Î∂ÄÏä§ÌÑ∞ 10Î∂Ñ Ï†ÑÏã† Ïö¥Îèô,YiWxqUtEEUI,Workout,135970,10.33,https://www.youtube.com/watch?v=YiWxqUtEEUI
10 Minute FULL BODY WORKOUT ‚ô• Beginner Friendly Workout Routine (Philippines),ChuTbVd6xR4,Workout,1627386,14.13,https://www.youtube.com/watch?v=ChuTbVd6xR4
Beginner/Low Impact 10 Minute Workout,g-D7ncAC9rQ,Workout,122353,10.33,https://www.youtube.com/watch?v=g-D7ncAC9rQ
BELLY FAT Workout ‚ô• 15 Standing Exercises ‚ô• 10 Minute Beginner Friendly HIIT (Philippines),JbvnjP77Q68,Workout,5692180,11.25,https://www.youtube.com/watch?v=JbvnjP77Q68
5 Stretches At Your Desk (Without Getting Up),nFIfv-jIgbI,Stretch,7394,5.93,https://www.youtube.com/watch?v=nFIfv-jIgbI
Stretch Breaks at Your Desk (2018),vE1idGTZOIY,Stretch,100011,1.98,https://www.youtube.com/watch?v=vE1idGTZOIY
Real Time Desk Exercises &amp; Stretches - Ask Doctor Jo,CAq9vV7gkrs,Stretch,14089,11.12,https://www.youtube.com/watch?v=CAq9vV7gkrs
Easy At-Work Stretches for Neck Pain and Back Pain,XkT7jxFfPHA,Stretch,58912,3.47,https://www.youtube.com/watch?v=XkT7jxFfPHA
Physio Upper Back Stretch &amp; Relieve Desk Break Routine,TMDX7hdQKSY,Stretch,73325,5.87,https://www.youtube.com/watch?v=TMDX7hdQKSY
Stretch at your desk,KBaSGF6kYqw,Stretch,9286,3.07,https://www.youtube.com/watch?v=KBaSGF6kYqw
Quick and Easy Stretches To Do While Sitting at Your Desk,BdfTuxdfIE8,Stretch,56563,5.32,https://www.youtube.com/watch?v=BdfTuxdfIE8
Desk Exercises &amp; Stretches for Computer Users,db00TEhg9_c,Stretch,15853,3.42,https://www.youtube.com/watch?v=db00TEhg9_c
DAILY DESK STRETCHES - Stretches to do at your desk to prevent pain | Dr. LA Thoma Gustin,vBQkySm333k,Stretch,25867,10.08,https://www.youtube.com/watch?v=vBQkySm333k
6 Best Stretches &amp; Exercises To FIX Desk Posture  | Get Rid Of Neck &amp; Back Pain,_poD7UcGqOk,Stretch,48945,8.38,https://www.youtube.com/watch?v=_poD7UcGqOk
Deskercise -  Lower Back and Torso Stretches,5M-b1c2spPE,Stretch,68482,2.17,https://www.youtube.com/watch?v=5M-b1c2spPE
Deskercise - Neck and Shoulder Stretches,5lbe9oZbpDs,Stretch,56615,1.88,https://www.youtube.com/watch?v=5lbe9oZbpDs
Yoga at Your Desk,tAUf7aajBWE,Stretch,1348428,6.4,https://www.youtube.com/watch?v=tAUf7aajBWE
Desk stretches to reduce pain and discomfort,h40hScXJo20,Stretch,1315,1.68,https://www.youtube.com/watch?v=h40hScXJo20
"Desk Exercises at Work - 10 Minute Desk Stretches For Energy, Posture and Flexibility!",vRQdJQ3Xhzk,Stretch,15020,8.23,https://www.youtube.com/watch?v=vRQdJQ3Xhzk
Stretches you can do at your desk,YdAWmcbyuPU,Stretch,6879,1.83,https://www.youtube.com/watch?v=YdAWmcbyuPU
Relieve Neck Pain &amp; Tension at Your Desk - Daily Physio Routine,FRNtLrMf-1A,Stretch,292995,6.8,https://www.youtube.com/watch?v=FRNtLrMf-1A
Yoga At Your Desk - 10 Min Office Yoga Stretches - Chair Yoga for Everyone - Yoga At Work,w3C08dhJ_SM,Stretch,105695,11.87,https://www.youtube.com/watch?v=w3C08dhJ_SM
How to Stretch your Lower back at your desk,-pqfd-g7rIM,Stretch,43237,5.38,https://www.youtube.com/watch?v=-pqfd-g7rIM
DESKERCISES! || Full stretching routine while at a desk,cL9YO7pw1GY,Stretch,344,6.03,https://www.youtube.com/watch?v=cL9YO7pw1GY
Stretches at your desk 1 - Hips,vAsNz_BRgv8,Stretch,5457,3.95,https://www.youtube.com/watch?v=vAsNz_BRgv8
Deskercise - Chest and Arm Stretches,0b5hBuJihWQ,Stretch,22156,1.9,https://www.youtube.com/watch?v=0b5hBuJihWQ
5 Best Stretches You Can Do At Your Desk For Neck And Back Pain,7Gb_i8wG9kg,Stretch,7435,6.85,https://www.youtube.com/watch?v=7Gb_i8wG9kg
Shoulder and Arm Stretches you can do Sitting At Your Office Desk for energy,1XkvW56LJ3c,Stretch,5242,4.17,https://www.youtube.com/watch?v=1XkvW56LJ3c
How to Stretch at Your Desk,Sy_lLu7bDPk,Stretch,2062,1.62,https://www.youtube.com/watch?v=Sy_lLu7bDPk
LivingWell: Desk Wrist Stretch,rAxJT59Cp5I,Stretch,3648,1.02,https://www.youtube.com/watch?v=rAxJT59Cp5I
12 Stretches To Improve Back Pain At Your Desk,E9rzpfRqTHs,Stretch,2853,7.5,https://www.youtube.com/watch?v=E9rzpfRqTHs
Yoga Moves to Relieve Tension in the Neck &amp; Shoulders,faf_CS4Z0yc,Stretch,1069631,4.08,https://www.youtube.com/watch?v=faf_CS4Z0yc
4-Minute Neck and Shoulders Stretch at Your Desk | Yoga | Gaiam,vLPfP1oRJFM,Stretch,426203,3.95,https://www.youtube.com/watch?v=vLPfP1oRJFM
10 Minute Standing Stretches | Pilates at Your Desk,iz-IXKMF0G4,Stretch,6101,10.18,https://www.youtube.com/watch?v=iz-IXKMF0G4
3 Stretches to do at Your Desk,l__qRIl_E2w,Stretch,1979,2.65,https://www.youtube.com/watch?v=l__qRIl_E2w
Office Break Yoga  |  14 Min. Yoga Practice  |  Yoga With Adriene,M-8FvC3GD8c,Stretch,712835,14.33,https://www.youtube.com/watch?v=M-8FvC3GD8c
5-Minute Break - Office Yoga,6fnLKyRJsrs,Stretch,146402,6.08,https://www.youtube.com/watch?v=6fnLKyRJsrs
Stretches At Your Desk,QPaeI8tkXHI,Stretch,20669,7.08,https://www.youtube.com/watch?v=QPaeI8tkXHI
Desk Workers Stretching Routine! (FOLLOW ALONG),qtCazM9a40s,Stretch,23938,12.07,https://www.youtube.com/watch?v=qtCazM9a40s
Amazing 2 Minute Stretch at Your Desk: Stay Alert and Productive!,QRCWZKmHGiU,Stretch,8059,8.5,https://www.youtube.com/watch?v=QRCWZKmHGiU
Soothing Neck Stretches You Can Do At Your Desk,KtoQLAWm_wc,Stretch,3143,3.23,https://www.youtube.com/watch?v=KtoQLAWm_wc
Neck Pain Stretches &amp; Exercises - Ask Doctor Jo,2NOsE-VPpkE,Stretch,3422549,4.93,https://www.youtube.com/watch?v=2NOsE-VPpkE
Lower Back Stretches You Can Do At Your Desk,TjUy2hPPktg,Stretch,13709,3.73,https://www.youtube.com/watch?v=TjUy2hPPktg
2 Minute Neck Stretch While Sitting at Your desk,i2eaupGNp0s,Stretch,4650,2.63,https://www.youtube.com/watch?v=i2eaupGNp0s
quadratus lumborum stretch - best quadratus lumborum exercise while sitting at your desk,Oia7X33eQBs,Stretch,33115,3.5,https://www.youtube.com/watch?v=Oia7X33eQBs
3 Chair Stretches for Lower Back Pain | Stretch at Your Desk,Se3kf5X4PCc,Stretch,2101,2.05,https://www.youtube.com/watch?v=Se3kf5X4PCc
Mayo Clinic Minute: The importance of stretching throughout your workday,XOIqLNElikI,Stretch,2024,1.0,https://www.youtube.com/watch?v=XOIqLNElikI
Get Stretched feat. Stretch*d: Best Desk Stretches,2UcvjZJY5IM,Stretch,2729,2.5,https://www.youtube.com/watch?v=2UcvjZJY5IM
Exercise at Your Desk -  Neck Stretch and Spine Stretch - BackandNeck.ca,wJQ56cO4p6k,Stretch,10073,1.57,https://www.youtube.com/watch?v=wJQ56cO4p6k
De-stress at Your Desk with a 5-Minute Stretching Routine,R86jwm1HIvk,Stretch,4012,6.88,https://www.youtube.com/watch?v=R86jwm1HIvk
10 easy stretches you can do at your desk,EAWVqB04aBg,Stretch,6872,2.38,https://www.youtube.com/watch?v=EAWVqB04aBg
Yoga At Your Desk  //  Stretches For Your Neck And Shoulders,yuG1jqluLbM,Stretch,170,8.1,https://www.youtube.com/watch?v=yuG1jqluLbM
Desk exercises,Lg8PFfd85ts,Stretch,93908,3.3,https://www.youtube.com/watch?v=Lg8PFfd85ts
Desk Stretches Neck,p3AqG58OoIA,Stretch,345,1.17,https://www.youtube.com/watch?v=p3AqG58OoIA
Stretch Breaks at Your Desk (2018),vE1idGTZOIY,Stretch,100011,1.98,https://www.youtube.com/watch?v=vE1idGTZOIY
5 Stretches At Your Desk (Without Getting Up),nFIfv-jIgbI,Stretch,7394,5.93,https://www.youtube.com/watch?v=nFIfv-jIgbI
3 Stretches to Loosen Work-From-Home Body Stiffness,t2NUI7jM4tg,Stretch,11157,1.0,https://www.youtube.com/watch?v=t2NUI7jM4tg
Easy At-Work Stretches for Neck Pain and Back Pain,XkT7jxFfPHA,Stretch,58912,3.47,https://www.youtube.com/watch?v=XkT7jxFfPHA
Real Time Desk Exercises &amp; Stretches - Ask Doctor Jo,CAq9vV7gkrs,Stretch,14089,11.12,https://www.youtube.com/watch?v=CAq9vV7gkrs
"10 Stretches Every Office Worker Should Do Daily For Neck, Shoulder, Arm, Wrist, &amp; Back Pain.",w1INfs260DY,Stretch,19852,10.75,https://www.youtube.com/watch?v=w1INfs260DY
Relaxing Stretching Workout for Stiff Muscles &amp; Stress Relief - Easy Stretches to Do at Work,a9WC_eLmP30,Stretch,2172336,6.07,https://www.youtube.com/watch?v=a9WC_eLmP30
4 Easy Stretches for Working From Home,BoOCM7pd9aA,Stretch,7804,3.25,https://www.youtube.com/watch?v=BoOCM7pd9aA
Desk Exercises &amp; Stretches for Computer Users,db00TEhg9_c,Stretch,15853,3.42,https://www.youtube.com/watch?v=db00TEhg9_c
Deskercise -  Lower Back and Torso Stretches,5M-b1c2spPE,Stretch,68482,2.17,https://www.youtube.com/watch?v=5M-b1c2spPE
Deskercise - Neck and Shoulder Stretches,5lbe9oZbpDs,Stretch,56615,1.88,https://www.youtube.com/watch?v=5lbe9oZbpDs
"Desk Exercises at Work - 10 Minute Desk Stretches For Energy, Posture and Flexibility!",vRQdJQ3Xhzk,Stretch,15020,8.23,https://www.youtube.com/watch?v=vRQdJQ3Xhzk
Stretches you can do at your desk,YdAWmcbyuPU,Stretch,6879,1.83,https://www.youtube.com/watch?v=YdAWmcbyuPU
6 Best Stretches &amp; Exercises To FIX Desk Posture  | Get Rid Of Neck &amp; Back Pain,_poD7UcGqOk,Stretch,48945,8.38,https://www.youtube.com/watch?v=_poD7UcGqOk
Quick and Easy Stretches To Do While Sitting at Your Desk,BdfTuxdfIE8,Stretch,56563,5.32,https://www.youtube.com/watch?v=BdfTuxdfIE8
7 office stretching exercises to get energized at work!,9U0dLLf1HQE,Stretch,221862,6.12,https://www.youtube.com/watch?v=9U0dLLf1HQE
Stretch at your desk,KBaSGF6kYqw,Stretch,9286,3.07,https://www.youtube.com/watch?v=KBaSGF6kYqw
Office Stretching Routine - Ask Doctor Jo,Oo_43Rrg23U,Stretch,3137,18.87,https://www.youtube.com/watch?v=Oo_43Rrg23U
Office Break Yoga  |  14 Min. Yoga Practice  |  Yoga With Adriene,M-8FvC3GD8c,Stretch,712835,14.33,https://www.youtube.com/watch?v=M-8FvC3GD8c
Bowflex¬Æ Stretch | 3 Stretches for People Who Sit All Day,KBdF1JUGKE0,Stretch,274407,2.27,https://www.youtube.com/watch?v=KBdF1JUGKE0
Deskercise: Lower Body Stretches,MLgzoenfMeU,Stretch,2497,1.9,https://www.youtube.com/watch?v=MLgzoenfMeU
Desk Exercises - Leg Stretches,hSbL8rDPpQM,Stretch,387,2.15,https://www.youtube.com/watch?v=hSbL8rDPpQM
Yoga at Your Desk,tAUf7aajBWE,Stretch,1348428,6.4,https://www.youtube.com/watch?v=tAUf7aajBWE
5-Minute Break - Office Yoga,6fnLKyRJsrs,Stretch,146402,6.08,https://www.youtube.com/watch?v=6fnLKyRJsrs
10-Minute Exercises at Work,ytLAobeZrbE,Stretch,102383,11.92,https://www.youtube.com/watch?v=ytLAobeZrbE
How to Stretch your Lower back at your desk,-pqfd-g7rIM,Stretch,43237,5.38,https://www.youtube.com/watch?v=-pqfd-g7rIM
Physio Upper Back Stretch &amp; Relieve Desk Break Routine,TMDX7hdQKSY,Stretch,73325,5.87,https://www.youtube.com/watch?v=TMDX7hdQKSY
Real Time Full Body Stretching Routine - Ask Doctor Jo,JJAHGpe0AVU,Stretch,970536,37.85,https://www.youtube.com/watch?v=JJAHGpe0AVU
Desk exercises,Lg8PFfd85ts,Stretch,93908,3.3,https://www.youtube.com/watch?v=Lg8PFfd85ts
2 Minute Neck Stretch While Sitting at Your desk,i2eaupGNp0s,Stretch,4650,2.63,https://www.youtube.com/watch?v=i2eaupGNp0s
"Upper Body Active Stretch Workout - Arms, Shoulder, Chest, and Back Stretching Exercises",VULt--bcWd0,Stretch,1842704,14.17,https://www.youtube.com/watch?v=VULt--bcWd0
"8-Minute Standing Total Full Body Stretch, Stretching Exercises You Can Do Off the Floor",zyKuF5saEnM,Stretch,158516,9.28,https://www.youtube.com/watch?v=zyKuF5saEnM
Energizing Hand And Wrist Exercises You Can Do At Your Desk.,nbeXE2vkkEg,Stretch,2829,3.35,https://www.youtube.com/watch?v=nbeXE2vkkEg
Exercises for shoulder tension from computer work,JvaKazwdciY,Stretch,100279,10.08,https://www.youtube.com/watch?v=JvaKazwdciY
Office Workers Guide to Stretching and Ergonomics,hzUStg_pGBE,Stretch,1860,0.92,https://www.youtube.com/watch?v=hzUStg_pGBE
Stretching is KILLING Your Gains (BIG MISTAKE!),nLQefKzMVjo,Stretch,2342213,6.75,https://www.youtube.com/watch?v=nLQefKzMVjo
4 Best Lower Back Pain Stretching Exercises while Standing,Bu4EuPsrdvQ,Stretch,41489,4.98,https://www.youtube.com/watch?v=Bu4EuPsrdvQ
10 Stretches &amp; Exercises for People Who Sit All Day. (Improve Posture &amp; Decrease Pain),JLOq-DRG0Zw,Stretch,32370,24.27,https://www.youtube.com/watch?v=JLOq-DRG0Zw
Fix Wrist Pain With These Exercises. Stretching Routine for Relief,HMpxwDcPiaQ,Stretch,221537,10.33,https://www.youtube.com/watch?v=HMpxwDcPiaQ
How to Stretch at Your Desk,Sy_lLu7bDPk,Stretch,2062,1.62,https://www.youtube.com/watch?v=Sy_lLu7bDPk
7 MIN STRETCHING EXERCISES AFTER WORKOUT | FULL BODY COOL DOWN FOR RELAXATION &amp; FLEXIBILITY,FlAvRcz0zuY,Stretch,1184850,7.15,https://www.youtube.com/watch?v=FlAvRcz0zuY
Desk stretches to reduce pain and discomfort,h40hScXJo20,Stretch,1315,1.68,https://www.youtube.com/watch?v=h40hScXJo20
quadratus lumborum stretch - best quadratus lumborum exercise while sitting at your desk,Oia7X33eQBs,Stretch,33115,3.5,https://www.youtube.com/watch?v=Oia7X33eQBs
Relieve Back Pain &amp; Fatigue at Your Desk - Ask Doctor Jo,5mt3m9APM0g,Stretch,5563,7.25,https://www.youtube.com/watch?v=5mt3m9APM0g
Desk Workers Stretching Routine! (FOLLOW ALONG),qtCazM9a40s,Stretch,23938,12.07,https://www.youtube.com/watch?v=qtCazM9a40s
The Full Body Stretch (5 Min),pH6KMX0V7d0,Stretch,304141,6.08,https://www.youtube.com/watch?v=pH6KMX0V7d0
Exercise at Your Desk -  Neck Stretch and Spine Stretch - BackandNeck.ca,wJQ56cO4p6k,Stretch,10073,1.57,https://www.youtube.com/watch?v=wJQ56cO4p6k
Relieve Neck Pain &amp; Tension at Your Desk - Daily Physio Routine,FRNtLrMf-1A,Stretch,292995,6.8,https://www.youtube.com/watch?v=FRNtLrMf-1A
5 Minute Office Stretch Break,EG2fEkO4X1w,Stretch,39245,6.27,https://www.youtube.com/watch?v=EG2fEkO4X1w
Mayo Clinic Minute: The importance of stretching throughout your workday,XOIqLNElikI,Stretch,2024,1.0,https://www.youtube.com/watch?v=XOIqLNElikI
The 5 Minute Desk Workout | Fitness,eR1AWOp6t30,Workout,34538,5.62,https://www.youtube.com/watch?v=eR1AWOp6t30
Office workout 5 minute cardio,twYEHPPmr94,Workout,15298,6.08,https://www.youtube.com/watch?v=twYEHPPmr94
5 minute office fitness routine | Follow along,d0ML2LSpH08,Workout,875,7.62,https://www.youtube.com/watch?v=d0ML2LSpH08
5 minute office workout,ohTPOMZ9JB0,Workout,1412,6.28,https://www.youtube.com/watch?v=ohTPOMZ9JB0
5-Minute Break - Office Yoga,6fnLKyRJsrs,Workout,146402,6.08,https://www.youtube.com/watch?v=6fnLKyRJsrs
Office Based Workout | Nuffield Health,Lqw2u3vHHos,Workout,41706,4.13,https://www.youtube.com/watch?v=Lqw2u3vHHos
5 Stretches At Your Desk (Without Getting Up),nFIfv-jIgbI,Workout,7394,5.93,https://www.youtube.com/watch?v=nFIfv-jIgbI
5 Minute Cardio Office Workout,FE2hR90UFho,Workout,3940,3.28,https://www.youtube.com/watch?v=FE2hR90UFho
25 MUST-KNOW EXERCISES TO DO IN THE OFFICE,iXKDozrYA_0,Workout,9111,10.85,https://www.youtube.com/watch?v=iXKDozrYA_0
5 Min Office Workout Exercises  Quick Office Workout Routine | LEVEL 2,PWHmEYkpSg8,Workout,69,6.57,https://www.youtube.com/watch?v=PWHmEYkpSg8
Fast 3 Minute Office Workout,QgvU0rCe7S0,Workout,4025,3.15,https://www.youtube.com/watch?v=QgvU0rCe7S0
5 Minute Office Stretch Break,EG2fEkO4X1w,Workout,39245,6.27,https://www.youtube.com/watch?v=EG2fEkO4X1w
Office Workout: 5 minute Tai Chi,jGzLAVWvEFQ,Workout,18320,5.92,https://www.youtube.com/watch?v=jGzLAVWvEFQ
5 Min Office Workout   - Full Body,q9UhiFLu720,Workout,591,1.93,https://www.youtube.com/watch?v=q9UhiFLu720
5 Minute Easy Office Exercise Routine For Women - POPxo,3Ul_5OzuLDo,Workout,23732,1.88,https://www.youtube.com/watch?v=3Ul_5OzuLDo
Relaxing Stretching Workout for Stiff Muscles &amp; Stress Relief - Easy Stretches to Do at Work,a9WC_eLmP30,Workout,2172336,6.07,https://www.youtube.com/watch?v=a9WC_eLmP30
"5 Minute Office Workout | Legs, Glutes &amp; Chest",65sO-Fe8M5Q,Workout,1114,4.87,https://www.youtube.com/watch?v=65sO-Fe8M5Q
Office Yoga: 5 Minute Breathing Exercise You Can Do At Work,g75qATh3U00,Workout,5431,4.63,https://www.youtube.com/watch?v=g75qATh3U00
5 Minute Office Yoga Workout,3WEIu2rlXnQ,Workout,37644,6.88,https://www.youtube.com/watch?v=3WEIu2rlXnQ
Relaxing 5 Minute Office Stretch Workout -Easy Stretches To Do At Work.,BO2YOk4817s,Workout,3154,7.05,https://www.youtube.com/watch?v=BO2YOk4817s
10 Min Office Workout Exercises - Quick Office Workout Routine - 1 workout a day,M_heu5pg2IQ,Workout,99217,10.47,https://www.youtube.com/watch?v=M_heu5pg2IQ
5 Minute Desk Chair Workout--Get Moving During Your Work Day!,oPjdR-yU0PQ,Workout,6659,7.18,https://www.youtube.com/watch?v=oPjdR-yU0PQ
5 Minute Abs Desk Workout | Exercises For a Flat Belly,5zjZIHsHuDI,Workout,36833,6.42,https://www.youtube.com/watch?v=5zjZIHsHuDI
5-MINUTE SEATED DESK WORKOUT!,O2-E0pEze84,Workout,196,5.6,https://www.youtube.com/watch?v=O2-E0pEze84
Instant Recess: 5-Minute Physical Activity Break,tMuZ0_-Y7n4,Workout,43458,5.75,https://www.youtube.com/watch?v=tMuZ0_-Y7n4
5 Minute Home Office Workout: Home Stretch 03,mUn-QBbtvR0,Workout,141,6.72,https://www.youtube.com/watch?v=mUn-QBbtvR0
5 MINUTES HOME OFFICE WORKOUT,NViky1wr7yQ,Workout,183,7.7,https://www.youtube.com/watch?v=NViky1wr7yQ
The 5 Minute Office Workout,yDLDaZMlw_I,Workout,2966,4.37,https://www.youtube.com/watch?v=yDLDaZMlw_I
10 Minute Exercises at Work  - 10 Min Office Workout Exercises - Quick Office Workout Routine,mH3AzNyPalY,Workout,12418,9.75,https://www.youtube.com/watch?v=mH3AzNyPalY
15 minute office workout,V0AK_EsG_AA,Workout,1399,2.1,https://www.youtube.com/watch?v=V0AK_EsG_AA
5 Minute Office Yoga Routine,XgUdRVQ34Tc,Workout,2371,5.08,https://www.youtube.com/watch?v=XgUdRVQ34Tc
Shoulder Pain Relief Stretches ‚Äì 5 Minute Real Time Routine,6jHsraw2NIk,Workout,1153412,8.08,https://www.youtube.com/watch?v=6jHsraw2NIk
Quick Office Workout - Quick 5 Minute Office Workout Routine,yyOpxurp95c,Workout,4025,8.1,https://www.youtube.com/watch?v=yyOpxurp95c
Desk exercises,Lg8PFfd85ts,Workout,93908,3.3,https://www.youtube.com/watch?v=Lg8PFfd85ts
Office Workout (10 Minutes),OzfXqTpYUcg,Workout,22595,9.55,https://www.youtube.com/watch?v=OzfXqTpYUcg
5 MINUTE WORKOUT ANYWHERE,R4EKj2kiHWo,Workout,12748,1.07,https://www.youtube.com/watch?v=R4EKj2kiHWo
Quick Office Standing Stretches 5 Min. Upper/Lower Body Workout at Work,BsxBfhs0Qjc,Workout,5127,5.27,https://www.youtube.com/watch?v=BsxBfhs0Qjc
Physio Neck Exercises Stretch &amp; Relieve Routine,yt3CpkmFAfc,Workout,3750907,5.17,https://www.youtube.com/watch?v=yt3CpkmFAfc
Desk Workout - 5 Minute Office Fitness &amp; Computer Workout w/ Jake Mace!,puJjT3DsP88,Workout,7762,5.53,https://www.youtube.com/watch?v=puJjT3DsP88
3-Minute Office Workouts,pHDmY_F6WLM,Workout,2029,3.42,https://www.youtube.com/watch?v=pHDmY_F6WLM
Take 5 Yoga Break!  |   Yoga Quickies  |  Yoga With Adriene,nQFf38xeBww,Workout,574326,6.07,https://www.youtube.com/watch?v=nQFf38xeBww
ANYWHERE FITNESS - office workout - get fit in 5 minutes,1fR-NmKxLlA,Workout,6220,3.48,https://www.youtube.com/watch?v=1fR-NmKxLlA
10 MINUTE OFFICE WORKOUT #1,5ocxhP2CFEY,Workout,993,16.57,https://www.youtube.com/watch?v=5ocxhP2CFEY
Yoga at Your Desk,tAUf7aajBWE,Workout,1348428,6.4,https://www.youtube.com/watch?v=tAUf7aajBWE
CARDIO ABS at your DESK | 5 Minute Friday FIX workout,pe-McBnJ4gs,Workout,4749,5.47,https://www.youtube.com/watch?v=pe-McBnJ4gs
Easy 10-Minute Workout You Can Do at Your Desk,0Dp2rL397jA,Workout,76646,2.45,https://www.youtube.com/watch?v=0Dp2rL397jA
sitting arms series (do this at your desk),h1dpwovNnxA,Workout,177744,4.43,https://www.youtube.com/watch?v=h1dpwovNnxA
Quick Office Workout at Work Seated Exercises 13 Minute Strength Upper Body,po0HUlQwY0Y,Workout,2306,12.55,https://www.youtube.com/watch?v=po0HUlQwY0Y
5 Minute Warm Up with Denise Austin,A-sKIXKLpF8,Workout,260794,5.32,https://www.youtube.com/watch?v=A-sKIXKLpF8
5 minute Desk Yoga for Neck &amp; Shoulders | Sarah Beth Yoga,-HRSxAxMJO8,Workout,62523,6.5,https://www.youtube.com/watch?v=-HRSxAxMJO8
5 Minute Guided Meditation | Quick 5 Minute Meditation to Relax and Recharge by Breethe.,8Xdwr4cRTVA,Meditation,326181,5.98,https://www.youtube.com/watch?v=8Xdwr4cRTVA
5 Minute Guided Meditation for Gratitude / Mindful Movement,OCorElLKFQE,Meditation,677918,5.95,https://www.youtube.com/watch?v=OCorElLKFQE
5 Minute Stress Relief Guided Meditation,L1QOh-n-eus,Meditation,425980,5.02,https://www.youtube.com/watch?v=L1QOh-n-eus
5-Minute Meditation You Can Do Anywhere,inpok4MKVLM,Meditation,4789938,5.28,https://www.youtube.com/watch?v=inpok4MKVLM
5 MINUTE Calming Meditation (With Guiding Voice),i50ZAs7v9es,Meditation,3827231,5.42,https://www.youtube.com/watch?v=i50ZAs7v9es
5 Minute Guided Meditation For Positive Energy &amp; Thinking,z_4B2HGwh1A,Meditation,138277,5.8,https://www.youtube.com/watch?v=z_4B2HGwh1A
"5 Minute Guided Morning Mindfulness Meditation - Focused, Calm, and Centered",n9ja1Wqkp1U,Meditation,101376,6.2,https://www.youtube.com/watch?v=n9ja1Wqkp1U
Mindfulness Guided Meditation - 5 Minutes,dEzbdLn2bJc,Meditation,1887064,5.33,https://www.youtube.com/watch?v=dEzbdLn2bJc
5 Minute Quick Anxiety Reduction - Guided Mindfulness Meditation,MR57rug8NsM,Meditation,1257066,5.48,https://www.youtube.com/watch?v=MR57rug8NsM
Guided Morning Meditation to Start The Day | 5 Minute Guided Meditation | ChriskaYoga,bw9tZmGneCs,Meditation,22807,5.92,https://www.youtube.com/watch?v=bw9tZmGneCs
5 MINUTE Guided Meditation ‡´ê  PEACE &amp; CLARITY,uPahMgtxnR0,Meditation,34122,5.8,https://www.youtube.com/watch?v=uPahMgtxnR0
5 Minute Guided Meditation to Kickstart Your Morning,X_zPXQ-8D64,Meditation,178631,5.97,https://www.youtube.com/watch?v=X_zPXQ-8D64
5 Minute Guided Meditation | The Future YOU,HHlXMt82P_E,Meditation,19965,5.67,https://www.youtube.com/watch?v=HHlXMt82P_E
LOVE YOURSELF! 5-Minute Power-Meditation (Guided Visualization),KD6Zr1V5CzQ,Meditation,41657,4.95,https://www.youtube.com/watch?v=KD6Zr1V5CzQ
5 MINUTE Calming Meditation (With Guiding Voice) 2019 Edition,0QOuuGj_9_4,Meditation,70365,5.32,https://www.youtube.com/watch?v=0QOuuGj_9_4
Relax - A 5 Minute Guided Meditation for Deep Relaxation and Stress Relief,lUJ3nl7N35Q,Meditation,32801,5.4,https://www.youtube.com/watch?v=lUJ3nl7N35Q
5 Minute Guided Meditation for Inner Peace and Calm,C7xRuGVfTPU,Meditation,6817,6.18,https://www.youtube.com/watch?v=C7xRuGVfTPU
Short 5 Minute Guided Meditation for Mindfulness,WUASVHlfXeI,Meditation,7608,5.83,https://www.youtube.com/watch?v=WUASVHlfXeI
Mindful Breathing Meditation (5 Minutes),nmFUDkj1Aq0,Meditation,1095498,5.38,https://www.youtube.com/watch?v=nmFUDkj1Aq0
Gratitude Meditation (Strengthen Happiness),UhF8vLesRRc,Meditation,168988,5.52,https://www.youtube.com/watch?v=UhF8vLesRRc
5 MINUTE Calming Meditation (With Guiding Voice) - 2017 Updated Version,vsjeQ6Xf8_Y,Meditation,121103,5.18,https://www.youtube.com/watch?v=vsjeQ6Xf8_Y
"5 Minute Guided Meditation for Gratitude, Positivity &amp; Abundance",uEwppoJVfEs,Meditation,8178,5.75,https://www.youtube.com/watch?v=uEwppoJVfEs
5 MINUTE GUIDED MEDITATION - Reduce Anxiety &amp; Stress Quickly,XU3vuO7M3a4,Meditation,145989,5.62,https://www.youtube.com/watch?v=XU3vuO7M3a4
5 min clearing morning Guided meditation for positivity and grounding,s9b2y3Mg2n8,Meditation,1058168,5.55,https://www.youtube.com/watch?v=s9b2y3Mg2n8
5 Minute Guided Meditation for Inner ‚ú®Peace and Calm‚ú®,THKdf2mY0zI,Meditation,185929,5.33,https://www.youtube.com/watch?v=THKdf2mY0zI
5 min Guided Morning Meditation with Positive Affirmations,ZizK2yBnncM,Meditation,699709,7.68,https://www.youtube.com/watch?v=ZizK2yBnncM
Guided Meditation For Self Love and Healing 5 Minute Guided Power Meditation,RUrHSgw1D6c,Meditation,2767,5.52,https://www.youtube.com/watch?v=RUrHSgw1D6c
Five Minute Mindful Breathing,I-SFdhVwrVA,Meditation,211001,5.02,https://www.youtube.com/watch?v=I-SFdhVwrVA
5-minute Guided Meditation for Self-Love and Self-Compassion ‚ù§Ô∏è üòå,vrgLjLAG9mY,Meditation,22617,4.6,https://www.youtube.com/watch?v=vrgLjLAG9mY
Simple 5 Minute Guided Meditation,7pBUi-sfLRg,Meditation,21119,6.95,https://www.youtube.com/watch?v=7pBUi-sfLRg
5 Minute Guided Meditation for Stress Relief,GEkJMRDhvsw,Meditation,308048,6.4,https://www.youtube.com/watch?v=GEkJMRDhvsw
5 Minute Mindfulness Meditation,erj8eaD_OmM,Meditation,186862,7.6,https://www.youtube.com/watch?v=erj8eaD_OmM
Guided Mindfulness Meditation- 5 minutes of Relaxation,JGZhGkfm9BQ,Meditation,72255,7.07,https://www.youtube.com/watch?v=JGZhGkfm9BQ
5 Minute Guided Meditation For Relaxation | Calming Work Break Meditation,UV3TQViKSck,Meditation,7059,5.23,https://www.youtube.com/watch?v=UV3TQViKSck
5 Min Guided Meditation for Anxiety Relief | Relaxing Yoga Meditation | ChriskaYoga,zuOIrc2l6yE,Meditation,1664,5.65,https://www.youtube.com/watch?v=zuOIrc2l6yE
5 Minute Breathing Meditation with Relaxing Music,EWCRSNJ7m74,Meditation,19375,5.2,https://www.youtube.com/watch?v=EWCRSNJ7m74
5 Minute Guided Meditation for Gratitude / Voice Only Meditation / Mindful Movement,niYf1Uzb-OQ,Meditation,9225,5.95,https://www.youtube.com/watch?v=niYf1Uzb-OQ
5 Min Guided Meditation Body Scan,dsmfIAyiois,Meditation,187005,4.95,https://www.youtube.com/watch?v=dsmfIAyiois
5 Minute Guided Meditation,LapzI3cg9rY,Meditation,48412,6.52,https://www.youtube.com/watch?v=LapzI3cg9rY
CALM &amp; RELAX | 5 Minute Guided Meditation | Stay Calm!,vRAtVGplDUA,Meditation,13236,6.13,https://www.youtube.com/watch?v=vRAtVGplDUA
POSITIVE MIND in 5 Minutes Meditation,3RxXiFgkxGc,Meditation,3253909,5.03,https://www.youtube.com/watch?v=3RxXiFgkxGc
Guided Meditation For Positive Energy 5 Minutes Quick Meditation To Start Your Day,GnMlxTyio-U,Meditation,1637,5.18,https://www.youtube.com/watch?v=GnMlxTyio-U
5-minute Guided Meditation | Gratitude &amp; Confidence,hDYu1mFE6AE,Meditation,17944,4.52,https://www.youtube.com/watch?v=hDYu1mFE6AE
Simple 5-Minute Guided Meditation For Beginners,Q-L2ZKYMsag,Meditation,127435,4.53,https://www.youtube.com/watch?v=Q-L2ZKYMsag
5 Minute Abundance Meditation: Favorite from Meditation Masters By Jason Stephenson,6AkEAKtL7a8,Meditation,358384,5.02,https://www.youtube.com/watch?v=6AkEAKtL7a8
The Five Minute Miracle - Daily Guided Meditation,utfw-rJUvy4,Meditation,2537594,5.57,https://www.youtube.com/watch?v=utfw-rJUvy4
5 Minute Breathing Exercise - Guided Mindfulness Meditation 4K - Calming anxiety reduction,TXNECaIJPDI,Meditation,10106,5.82,https://www.youtube.com/watch?v=TXNECaIJPDI
The Silent Mind  - 5 Minute Guided Meditation,dqnFLp1W3Co,Meditation,13649,6.87,https://www.youtube.com/watch?v=dqnFLp1W3Co
5 Minute Guided Meditation for Letting Go of Everything! Resolve Old Issues (POWERFUL SCRIPT),MjEUHy6M2o4,Meditation,5417,6.23,https://www.youtube.com/watch?v=MjEUHy6M2o4
&quot;Guided Meditation&quot;  A 5 Minute Meditation to Relax the Body and Mind,Ob6B-SZtKVQ,Meditation,13637,5.63,https://www.youtube.com/watch?v=Ob6B-SZtKVQ
Mindfulness Meditation - Guided 10 Minutes,6p_yaNFSYao,Meditation,10934354,9.8,https://www.youtube.com/watch?v=6p_yaNFSYao
A Ten Minute Guided Meditation to Clear Your Mind,ez3GgRqhNvA,Meditation,205487,10.15,https://www.youtube.com/watch?v=ez3GgRqhNvA
A Powerful 10 Minute Guided Meditation,sJH6_ZbgeWQ,Meditation,2894859,9.93,https://www.youtube.com/watch?v=sJH6_ZbgeWQ
Positive Energy 10 minute Guided Meditation,M6dCovaOono,Meditation,527998,10.05,https://www.youtube.com/watch?v=M6dCovaOono
Feel Amazing 10 Minute Guided Meditation,LNLfDbH6GJs,Meditation,53313,10.17,https://www.youtube.com/watch?v=LNLfDbH6GJs
A Refreshing 10 Minute Guided Meditation,YRO7hxAPS2o,Meditation,44796,10.03,https://www.youtube.com/watch?v=YRO7hxAPS2o
10 Minute Chakra Balance Guided Meditation for Positive Energy,jeGT1VXwfx4,Meditation,5224541,10.52,https://www.youtube.com/watch?v=jeGT1VXwfx4
You Are Limitless ~ 10 Minute Guided Meditation,F527mr-GgIg,Meditation,81551,10.7,https://www.youtube.com/watch?v=F527mr-GgIg
DEEP RELAXATION: Guided 10 Minute Visualisation Meditation,GZiXPBGxKSE,Meditation,179612,10.38,https://www.youtube.com/watch?v=GZiXPBGxKSE
Daily Calm | 10 Minute Mindfulness Meditation | Be Present,ZToicYcHIOU,Meditation,3475435,10.52,https://www.youtube.com/watch?v=ZToicYcHIOU
Calm Your Mind - Present Moment 10 Minute Guided Meditation,dxCmHe-HuvQ,Meditation,76376,10.12,https://www.youtube.com/watch?v=dxCmHe-HuvQ
Guided Morning Meditation | 10 Minutes To Start Every Day Perfectly ‚òÆ,FGO8IWiusJo,Meditation,978464,10.58,https://www.youtube.com/watch?v=FGO8IWiusJo
10 Minute Guided Meditation for Becoming More Mindful.,Evgx9yX2Vw8,Meditation,33829,10.13,https://www.youtube.com/watch?v=Evgx9yX2Vw8
Release Anxiety Stress &amp; Overthinking Guided Meditation 10 Minutes,EpVFSti0Ydg,Meditation,882105,10.52,https://www.youtube.com/watch?v=EpVFSti0Ydg
Become Fully Present &amp; Calm with this Guided 10 Minute Mindfulness Meditation,L5tkqaKiryE,Meditation,589001,10.02,https://www.youtube.com/watch?v=L5tkqaKiryE
Be Present Guided Meditation 10 minutes of Mindfulness,h41b3SGvy40,Meditation,78267,10.03,https://www.youtube.com/watch?v=h41b3SGvy40
Mental Clarity &amp; Focus ~ 10 Minute Guided Meditation,YFRZI3xMovM,Meditation,63392,10.33,https://www.youtube.com/watch?v=YFRZI3xMovM
Daily Calm | 10 Minute Mindfulness Meditation | Letting Go,syx3a1_LeFo,Meditation,1214081,10.6,https://www.youtube.com/watch?v=syx3a1_LeFo
10 Minute Guided Imagery Meditation | City of Hope,t1rRo6cgM_E,Meditation,1688172,10.97,https://www.youtube.com/watch?v=t1rRo6cgM_E
Morning Positive Affirmations ~ A 10 minute guided meditation,2l8WD4U4KMk,Meditation,44439,10.02,https://www.youtube.com/watch?v=2l8WD4U4KMk
Keeping Positive ~ A 10 Minute Guided Meditation,CwnIngHm3GE,Meditation,44994,10.52,https://www.youtube.com/watch?v=CwnIngHm3GE
10 Minute Deep &amp; Powerful Higher Self Guided Meditation,PIFEPX0C__s,Meditation,1708831,10.52,https://www.youtube.com/watch?v=PIFEPX0C__s
Relax Deeply into Your Inner Stillness ~ 10 Minute Guided Meditation,jBQNWkbl2_w,Meditation,462964,10.52,https://www.youtube.com/watch?v=jBQNWkbl2_w
Refresh Your Mind ~ Restore your Body ~ 10 minute guided meditation,N6eBka6x2ck,Meditation,39144,10.03,https://www.youtube.com/watch?v=N6eBka6x2ck
10-Minute Meditation For Anxiety,O-6f5wQXSu8,Meditation,2615585,10.35,https://www.youtube.com/watch?v=O-6f5wQXSu8
Feeling Full of Unconditional Happiness ~ 10 minute guided meditation,RqxVzWM8fLU,Meditation,28620,10.03,https://www.youtube.com/watch?v=RqxVzWM8fLU
10 Minute Morning Guided Meditation for Positive Energy,Yjh_sDNL1Ac,Meditation,97514,10.3,https://www.youtube.com/watch?v=Yjh_sDNL1Ac
LISTEN EVERY DAY! 10 Minute Guided Meditation To Find Peace In Uncertain Times,6cLfBgMuv6U,Meditation,112678,12.42,https://www.youtube.com/watch?v=6cLfBgMuv6U
"10 Minute Morning Meditation for Clarity, Stability, and Presence | Goop",OccjH_2ddQc,Meditation,813782,10.37,https://www.youtube.com/watch?v=OccjH_2ddQc
10 Minute Guided Meditation For Beginners By Gurudev Sri Sri Ravi Shankar | Beginners Meditation,TWbiDzi-rQc,Meditation,501276,10.02,https://www.youtube.com/watch?v=TWbiDzi-rQc
10 min Guided Meditation for Self-Love and Compassion with Alli Simon,3UW-x4Hixa0,Meditation,171288,10.85,https://www.youtube.com/watch?v=3UW-x4Hixa0
Daily Calm | 10 Minute Mindfulness Meditation | Self Soothing,Xl_B45DpMLU,Meditation,711581,10.13,https://www.youtube.com/watch?v=Xl_B45DpMLU
Manifesting Success in Your Life ~ 10 Minute Guided Meditation,_sxCCYPw4AE,Meditation,23105,10.37,https://www.youtube.com/watch?v=_sxCCYPw4AE
10 Minute Guided Meditation for Inner Peace and Relaxation,Xx6gj6RLRdg,Meditation,547,10.92,https://www.youtube.com/watch?v=Xx6gj6RLRdg
Planting Seeds of Gratitude 10 Minute Guided Meditation,pibReYQEC10,Meditation,38376,10.37,https://www.youtube.com/watch?v=pibReYQEC10
Mindfulness Meditation: Guided 10 Minutes. . .  2019 &quot;Deep-Relax&quot; Edition,fJ_3m3aCy5Q,Meditation,199030,10.68,https://www.youtube.com/watch?v=fJ_3m3aCy5Q
"10 Minute Guided Meditation to ease Anxiety Worry, Overthinking &amp; Urgency | Soothing Calm | POWERFUL",xoYnqvadurg,Meditation,4174775,9.9,https://www.youtube.com/watch?v=xoYnqvadurg
Let Go &amp; Relax 10 Min Guided Meditation,uhkRjE3Ny84,Meditation,482508,10.68,https://www.youtube.com/watch?v=uhkRjE3Ny84
Productive Morning 10 minute guided meditation,c2hW7L0LISM,Meditation,81937,10.25,https://www.youtube.com/watch?v=c2hW7L0LISM
Becoming One with Everything ~10 Minute Guided Meditation,jVTWQ6stp58,Meditation,36969,10.03,https://www.youtube.com/watch?v=jVTWQ6stp58
Clear Mind Present Moment 10 Minute Mindfulness Guided Meditation,t6uvlMPglqE,Meditation,200751,10.02,https://www.youtube.com/watch?v=t6uvlMPglqE
Feel Amazing 10 Minute Guided Meditation,hADTMwySEng,Meditation,188179,10.35,https://www.youtube.com/watch?v=hADTMwySEng
Positivity &amp; Abundance Guided Meditation 10 Minute,KCgVHFk3-lM,Meditation,306607,10.52,https://www.youtube.com/watch?v=KCgVHFk3-lM
Let Your Inner Light Shine 10 Minute Guided Meditation for positive energy,-0O3LjMYqYc,Meditation,31362,10.07,https://www.youtube.com/watch?v=-0O3LjMYqYc
Breathing Practice - 10 Minute Guided Meditation,iuv5EomIA9s,Meditation,289410,12.23,https://www.youtube.com/watch?v=iuv5EomIA9s
10 Minute Guided Meditation for Focus,ausxoXBrmWs,Meditation,93243,10.68,https://www.youtube.com/watch?v=ausxoXBrmWs
10 Minute Guided Meditation to Reduce Anxiety and Stress  / Mindfulness / Mindful Movement,217ensSqsTM,Meditation,117206,9.92,https://www.youtube.com/watch?v=217ensSqsTM
Trust in Life ~ 10 Minute Guided Meditation,Thnh2P4CECc,Meditation,85553,10.02,https://www.youtube.com/watch?v=Thnh2P4CECc
Feel Your Greatness Within ~  Guided 10 Minute Meditation,AuU_YbJnA6U,Meditation,58911,10.02,https://www.youtube.com/watch?v=AuU_YbJnA6U
10 Minute Guided Meditation Everyone Needs to Practice,MCYM1VtVb3A,Meditation,955692,10.2,https://www.youtube.com/watch?v=MCYM1VtVb3A
Relaxing 15 Minute Guided Meditation for Balancing  / Mindful Movement,G6oLzlxHd3E,Meditation,379125,15.03,https://www.youtube.com/watch?v=G6oLzlxHd3E
15 Minute Guided Meditation To Find Peace In Uncertain Times,W19PdslW7iw,Meditation,1357358,16.1,https://www.youtube.com/watch?v=W19PdslW7iw
15 Minute Guided Meditation  ‚ô• Mindfully Heal Yourself From The Inside Out,p29mwfzpNc4,Meditation,657278,16.62,https://www.youtube.com/watch?v=p29mwfzpNc4
15 Minute Guided Meditation ~ Relaxed Body Relaxed Mind,W8a3T8pI9Ns,Meditation,879992,15.13,https://www.youtube.com/watch?v=W8a3T8pI9Ns
15 Minute Guided Meditation | Strength &amp; Grounding In Stressful Times,z0GtmPnqAd8,Meditation,231371,15.48,https://www.youtube.com/watch?v=z0GtmPnqAd8
15 Minute Guided Meditation | Clear &amp; Calm The Mind In Uncertain Times,a2pZOIzbp7Q,Meditation,418521,16.1,https://www.youtube.com/watch?v=a2pZOIzbp7Q
15 Minute Guided Meditation for Mindfulness,JQE-XQkisp8,Meditation,4666,15.35,https://www.youtube.com/watch?v=JQE-XQkisp8
15 Minute Universal Connection Guided Meditation,UKP5oDZN1Fs,Meditation,112093,15.1,https://www.youtube.com/watch?v=UKP5oDZN1Fs
"Hypnosis for Inner Peace (15 Minute Guided Meditation, Music Relax Mind Body Anxiety Calm)",td6BhfC7Xwk,Meditation,466321,15.02,https://www.youtube.com/watch?v=td6BhfC7Xwk
"15 minute Guided Meditation Abundance, Balance &amp; Freedom",3r-CRbY6g7s,Meditation,1234613,16.28,https://www.youtube.com/watch?v=3r-CRbY6g7s
15 Minute Meditation for Stress Relief and Building Confidence / Mindful Movement,-KMngzCWgTw,Meditation,557179,14.72,https://www.youtube.com/watch?v=-KMngzCWgTw
15 Minute Guided Meditation for Positive Energy &amp; Releasing Fear | davidji,q0lsuZOUIGE,Meditation,6375,15.65,https://www.youtube.com/watch?v=q0lsuZOUIGE
Relax into This Present Moment: A 15 Minute Guided Mindfulness Meditation,GGn1Vhdv0jw,Meditation,151860,14.92,https://www.youtube.com/watch?v=GGn1Vhdv0jw
The Guided Meditation You Need  ‚ô• 15 Minute Mindfulness,e2_4xrVt4hs,Meditation,359743,14.85,https://www.youtube.com/watch?v=e2_4xrVt4hs
Just Be In The Moment ~ 15 Minute Guided Meditation,XJhfNuFrKYA,Meditation,25536,15.77,https://www.youtube.com/watch?v=XJhfNuFrKYA
"15 Minute Super Deep Meditation Music: Relax Mind Body, Inner Peace, Relaxing Music, ‚òØ2563B",aIIEI33EUqI,Meditation,21242000,15.02,https://www.youtube.com/watch?v=aIIEI33EUqI
15-Minute Meditation For Self Love,itZMM5gCboo,Meditation,676164,15.35,https://www.youtube.com/watch?v=itZMM5gCboo
15 Minute Meditation for Positive Energy (Energy Clearing),uceFkSp6UUQ,Meditation,58748,15.0,https://www.youtube.com/watch?v=uceFkSp6UUQ
15 Minute Guided Meditation for Deep Relaxation (Good for Sleep!) | davidji,y85wz_5XmhE,Meditation,4374,14.52,https://www.youtube.com/watch?v=y85wz_5XmhE
Cultivate an Attitude of Gratitude with this 15 Minute Guided Meditation  / Mindful Movement,M6SHrfnaIoY,Meditation,115088,15.83,https://www.youtube.com/watch?v=M6SHrfnaIoY
Guided Mindfulness Meditation for the Morning: Starting the Day (15 minutes),sWrgKDzM0LU,Meditation,995722,15.02,https://www.youtube.com/watch?v=sWrgKDzM0LU
15 Minute Guided Meditation for Focus,CTS6E_0oAJg,Meditation,21758,15.63,https://www.youtube.com/watch?v=CTS6E_0oAJg
15 Minutes to Start your Day with Clarity / Morning Meditation / Mindful Movement,LpAzmyrUswg,Meditation,502000,15.25,https://www.youtube.com/watch?v=LpAzmyrUswg
"15 Minute Guided Visualization Meditation, Guided Imagery Meditation Relaxation Exercise",vsxojd4aNdI,Meditation,685,15.27,https://www.youtube.com/watch?v=vsxojd4aNdI
manifestation Guided Meditation 15 Minute,JS1Qm8EOR-Y,Meditation,96781,15.1,https://www.youtube.com/watch?v=JS1Qm8EOR-Y
15 Minute Meditation to Develop a Positive Internal Dialogue / Mindful Movement,lmPIMDPRJ2c,Meditation,343741,15.5,https://www.youtube.com/watch?v=lmPIMDPRJ2c
Powerful yet Simple 15 minute Guided Meditation,A5dg4cFi7Ks,Meditation,75223,15.22,https://www.youtube.com/watch?v=A5dg4cFi7Ks
15 Minute Version Mindful Meditation - Guided,5dIPnf47rPY,Meditation,54997,15.02,https://www.youtube.com/watch?v=5dIPnf47rPY
15 min Guided Meditation for New Beginnings,rExsKMubyMY,Meditation,190,14.57,https://www.youtube.com/watch?v=rExsKMubyMY
GUIDED MEDITATION for Healing - Experience the Pure Loving Energy of the Universe,rEXa_3ELy_o,Meditation,1563577,15.52,https://www.youtube.com/watch?v=rEXa_3ELy_o
"15 minute guided power nap | peaceful sleep meditation for relaxation, stress and anxiety",N5hFNoRcMVU,Meditation,431622,15.65,https://www.youtube.com/watch?v=N5hFNoRcMVU
GUIDED MEDITATION: Ease Anxiety &amp; Worry,JnnS2-8t59c,Meditation,587863,14.32,https://www.youtube.com/watch?v=JnnS2-8t59c
Guided Meditation For Strength &amp; Grounding ‚ô• 15 Minutes,DkKGTgYt5Dk,Meditation,282206,16.58,https://www.youtube.com/watch?v=DkKGTgYt5Dk
Mindfulness Meditation - Quick 15 Min Stress Relief Version,8v45WSuAeYI,Meditation,1020502,15.02,https://www.youtube.com/watch?v=8v45WSuAeYI
"Guided Meditation for Inner Peace and Calm (15 Minute Meditation to Reset &amp; Recharge, Repeat Daily)",GPoocJfn0GI,Meditation,5478,16.0,https://www.youtube.com/watch?v=GPoocJfn0GI
Chakra Cleanse: guided meditation in 15 minutes (by Kat Beck),Hw59TiOtamQ,Meditation,51348,15.03,https://www.youtube.com/watch?v=Hw59TiOtamQ
Powerful 15 Minute Guided meditation Everyone Should Practice,pDLcM2--wT8,Meditation,1162,15.2,https://www.youtube.com/watch?v=pDLcM2--wT8
15 Minute Guided Meditation to FIND PEACE in Moments of UNCERTAINTY &amp; ANXIETY | davidji,i5fTdGZctgc,Meditation,2604,15.35,https://www.youtube.com/watch?v=i5fTdGZctgc
15 Min. Meditation To Create &quot;Positive Energy Field&quot; l Remove Negative Vibes l Cleansing &amp; Healing,2dMuyjV4jHM,Meditation,1144642,15.78,https://www.youtube.com/watch?v=2dMuyjV4jHM
15 Minute Morning Meditation (Attract Abundance),y6mPFlPV1IE,Meditation,46465,16.43,https://www.youtube.com/watch?v=y6mPFlPV1IE
GUIDED MEDITATION - Clearing Negativity,EPWpV064K24,Meditation,1946088,15.57,https://www.youtube.com/watch?v=EPWpV064K24
Awaken a Renewal of Energy with this 15 Minute Guided Meditation / Nature&#39;s Lessons Series,7o9HZyHgzU4,Meditation,19195,15.63,https://www.youtube.com/watch?v=7o9HZyHgzU4
Abraham Hicks Guided Meditation ~ Focus on Financial Well Being ~ 15 minutes,1d2BAzMkmkY,Meditation,35013,14.87,https://www.youtube.com/watch?v=1d2BAzMkmkY
15-minute meditation: Body scan,T0nuKBVQS7M,Meditation,1884301,15.45,https://www.youtube.com/watch?v=T0nuKBVQS7M
15 Minute Guided Meditation for Relaxation &amp; Self-Acceptance,rwGVtGCN9Ec,Meditation,136351,14.98,https://www.youtube.com/watch?v=rwGVtGCN9Ec
15 Minute Guided Meditation to Boost Energy Levels &amp; Feel Great,fMexLmK1Ryc,Meditation,88108,15.38,https://www.youtube.com/watch?v=fMexLmK1Ryc
"15 Minute Meditation Music, Calm Music, Relax, Meditation, Stress Relief, Spa, Study, Sleep, ‚òØ3620B",W-qV6QE705I,Meditation,103009,15.02,https://www.youtube.com/watch?v=W-qV6QE705I
15 Minute Guided Breathing Meditation for Relaxation and Inner Stillness,4Undv6MmQeE,Meditation,7945,16.97,https://www.youtube.com/watch?v=4Undv6MmQeE
RELAX AND RECHARGE - 10 Minute Guided Time-Out For Stress (Version 2),7KXnALvPIW8,Meditation,193379,9.97,https://www.youtube.com/watch?v=7KXnALvPIW8
15 minute Guided Meditation for Everyone - Anxiety - Depression,Lw8zOrc7Uu8,Meditation,31998,15.25,https://www.youtube.com/watch?v=Lw8zOrc7Uu8
4 Minute At Work Guided Meditation,uiUfSPbwyms,Meditation,58330,4.23,https://www.youtube.com/watch?v=uiUfSPbwyms
5 Minute Guided Meditation For Relaxation | Calming Work Break Meditation,UV3TQViKSck,Meditation,7059,5.23,https://www.youtube.com/watch?v=UV3TQViKSck
5-Minute Meditation You Can Do Anywhere,inpok4MKVLM,Meditation,4789938,5.28,https://www.youtube.com/watch?v=inpok4MKVLM
üòåKEEP CALM and STAY FOCUSED - Short guided meditation for focus and concentration,cDV7z__ARx0,Meditation,2089,6.6,https://www.youtube.com/watch?v=cDV7z__ARx0
Short Guided Meditation to Let Go of the Work Day,D78_9XIEN38,Meditation,1008,10.57,https://www.youtube.com/watch?v=D78_9XIEN38
Daily Calm | 10 Minute Mindfulness Meditation | Be Present,ZToicYcHIOU,Meditation,3475435,10.52,https://www.youtube.com/watch?v=ZToicYcHIOU
5 Minute Stress Relief Guided Meditation,L1QOh-n-eus,Meditation,425980,5.02,https://www.youtube.com/watch?v=L1QOh-n-eus
&quot;GET THINGS DONE&quot; - Guided Meditation to Stop Procrastination,PLpoC2UX9Xc,Meditation,54237,12.13,https://www.youtube.com/watch?v=PLpoC2UX9Xc
5 Minute Quick Anxiety Reduction - Guided Mindfulness Meditation,MR57rug8NsM,Meditation,1257066,5.48,https://www.youtube.com/watch?v=MR57rug8NsM
5 MINUTE Calming Meditation (With Guiding Voice),i50ZAs7v9es,Meditation,3827231,5.42,https://www.youtube.com/watch?v=i50ZAs7v9es
Short Calming Mindfulness Meditation to Clear the Clutter in your Mind / Mindful Movement,6kVVrE_sCNA,Meditation,544989,6.42,https://www.youtube.com/watch?v=6kVVrE_sCNA
10 Minute Guided Meditation for Focus / Mindful Movement,CcqZ47d398k,Meditation,703597,11.13,https://www.youtube.com/watch?v=CcqZ47d398k
Deepak Chopra&#39;s Go-To 3-Minute Meditation To Stay Focused,4Bs0qUB3BHQ,Meditation,1675565,3.5,https://www.youtube.com/watch?v=4Bs0qUB3BHQ
3-minute Mindful Breathing Meditation (Relieve Stress),SEfs5TJZ6Nk,Meditation,1696237,3.25,https://www.youtube.com/watch?v=SEfs5TJZ6Nk
Short Guided meditation for positive energy and anxiety,TnNOiorgIXk,Meditation,106573,6.03,https://www.youtube.com/watch?v=TnNOiorgIXk
10 Minute Guided Meditation for Focus,ausxoXBrmWs,Meditation,93243,10.68,https://www.youtube.com/watch?v=ausxoXBrmWs
STRESSED? Learn to reframe stressful situations with this short meditation.,sG7DBA-mgFY,Meditation,176446,10.17,https://www.youtube.com/watch?v=sG7DBA-mgFY
GUIDED MEDITATION: Facing Going Back to work or School,S9UxXkXCdfQ,Meditation,95989,9.22,https://www.youtube.com/watch?v=S9UxXkXCdfQ
5 min clearing morning Guided meditation for positivity and grounding,s9b2y3Mg2n8,Meditation,1058174,5.55,https://www.youtube.com/watch?v=s9b2y3Mg2n8
10-Minute Meditation For Anxiety,O-6f5wQXSu8,Meditation,2615585,10.35,https://www.youtube.com/watch?v=O-6f5wQXSu8
Daily Calm | 10 Minute Mindfulness Meditation | Letting Go,syx3a1_LeFo,Meditation,1214081,10.6,https://www.youtube.com/watch?v=syx3a1_LeFo
5 Minute Guided Meditation for Gratitude / Mindful Movement,OCorElLKFQE,Meditation,677918,5.95,https://www.youtube.com/watch?v=OCorElLKFQE
Meditation for Working with Difficulities | UCLA Mindful Awareness Research Center,XInJoYvy_ew,Meditation,68793,6.95,https://www.youtube.com/watch?v=XInJoYvy_ew
Gratitude Meditation (Strengthen Happiness),UhF8vLesRRc,Meditation,168988,5.52,https://www.youtube.com/watch?v=UhF8vLesRRc
Headspace | Mini Meditation | Let Go of Stress,c1Ndym-IsQg,Meditation,24120118,1.12,https://www.youtube.com/watch?v=c1Ndym-IsQg
Mindfulness Guided Meditation - 5 Minutes,dEzbdLn2bJc,Meditation,1887064,5.33,https://www.youtube.com/watch?v=dEzbdLn2bJc
How To De-stress After Work | Guided Meditation | Five Minute Meditation,M1e0sFR3dpQ,Meditation,6331,6.43,https://www.youtube.com/watch?v=M1e0sFR3dpQ
Overwhelmed? Practice This Short Guided Meditation,EN5HOvhzvKs,Meditation,9555,10.05,https://www.youtube.com/watch?v=EN5HOvhzvKs
GUIDED MEDITATION for Stress Relief,o94tvFUttco,Meditation,892139,11.6,https://www.youtube.com/watch?v=o94tvFUttco
5 Minute Guided Meditation for Concentration,_0oxd7Llcec,Meditation,100158,5.78,https://www.youtube.com/watch?v=_0oxd7Llcec
SHORT GUIDED MINDFULNESS MEDITATION - Music Mindfulness,f1pDswSyrrk,Meditation,41226,7.13,https://www.youtube.com/watch?v=f1pDswSyrrk
Unlock Your Full Potential - A 10 minute Guided Visualization For success &amp; Confidence,soZwJQTFpJk,Meditation,777862,10.52,https://www.youtube.com/watch?v=soZwJQTFpJk
POSITIVE MIND in 5 Minutes Meditation,3RxXiFgkxGc,Meditation,3253909,5.03,https://www.youtube.com/watch?v=3RxXiFgkxGc
Reset: Decompress Your Body and Mind,QHkXvPq2pQE,Meditation,210923,10.13,https://www.youtube.com/watch?v=QHkXvPq2pQE
Short Mindfulness Meditation--Reduce Stress and Anxiety in 6 Minutes,ml_rbk_qDEQ,Meditation,77628,6.58,https://www.youtube.com/watch?v=ml_rbk_qDEQ
MINDFULNESS - 3 MINUTE MEDITATION,evJHBLldMsE,Meditation,437436,3.0,https://www.youtube.com/watch?v=evJHBLldMsE
2-Minute Guided Meditation to Release Stress,vLhOGEnEedk,Meditation,217701,2.27,https://www.youtube.com/watch?v=vLhOGEnEedk
Mindful Breathing Meditation (5 Minutes),nmFUDkj1Aq0,Meditation,1095498,5.38,https://www.youtube.com/watch?v=nmFUDkj1Aq0
Breathing Meditation | UCLA Mindful Awareness Research Center,YFSc7Ck0Ao0,Meditation,1405016,5.55,https://www.youtube.com/watch?v=YFSc7Ck0Ao0
"5 Minute Guided Morning Mindfulness Meditation - Focused, Calm, and Centered",n9ja1Wqkp1U,Meditation,101376,6.2,https://www.youtube.com/watch?v=n9ja1Wqkp1U
Five Minute Mindful Breathing,I-SFdhVwrVA,Meditation,211001,5.02,https://www.youtube.com/watch?v=I-SFdhVwrVA
"10 Minute Morning Meditation for Clarity, Stability, and Presence | Goop",OccjH_2ddQc,Meditation,813782,10.37,https://www.youtube.com/watch?v=OccjH_2ddQc
After-work guided meditation for nursing staff,Z3z9f3OIcLg,Meditation,2227,15.98,https://www.youtube.com/watch?v=Z3z9f3OIcLg
A Meditation For After a Workout,ulQWJlNzYKc,Meditation,62138,3.98,https://www.youtube.com/watch?v=ulQWJlNzYKc
Short Guided Meditation: The Lake of Stars,V6it1lZ7I_M,Meditation,30984,7.27,https://www.youtube.com/watch?v=V6it1lZ7I_M
Short Guided Meditation: The Fields of Summer (Time-Out for Busy People),gwTD5TV1Fh4,Meditation,28308,10.02,https://www.youtube.com/watch?v=gwTD5TV1Fh4
7 Min Meditation to Start Your Day  |  Yoga With Adriene,k0PSUDvLi8E,Meditation,2226073,7.35,https://www.youtube.com/watch?v=k0PSUDvLi8E
Guided Meditation for Positive Mindset &amp; Motivation / Positive Affirmations / Mindful Movement,wy_HD7t42ik,Meditation,484918,10.4,https://www.youtube.com/watch?v=wy_HD7t42ik
"5 Minute Quick Break Meditation: A Heart Chakra, Guided Spoken Visualization",ytgL6slPNX8,Meditation,100610,5.03,https://www.youtube.com/watch?v=ytgL6slPNX8
10 Minute Morning Guided Meditation for Positive Energy,a1JOT30bP5g,Meditation,1420875,10.43,https://www.youtube.com/watch?v=a1JOT30bP5g
How not to take things personally? | Frederik Imbo | TEDxMechelen,LnJwH_PZXnM,Educational,1813740,17.62,https://www.youtube.com/watch?v=LnJwH_PZXnM
"After watching this, your brain will not be the same | Lara Boyd | TEDxVancouver",LNHBMFCzznE,Educational,28469091,14.42,https://www.youtube.com/watch?v=LNHBMFCzznE
The Magic of Not Giving a F*** | Sarah Knight | TEDxCoconutGrove,GwRzjFQa_Og,Educational,8006516,12.62,https://www.youtube.com/watch?v=GwRzjFQa_Og
How to Get Your Brain to Focus | Chris Bailey | TEDxManchester,Hu4Yvq-g7_Y,Educational,5545803,15.95,https://www.youtube.com/watch?v=Hu4Yvq-g7_Y
"How to win an argument (at the US Supreme Court, or anywhere) | Neal Katyal",VmLMMNhxZMU,Educational,26531,16.22,https://www.youtube.com/watch?v=VmLMMNhxZMU
&quot;Everything happens for a reason&quot; -- and other lies I&#39;ve loved | Kate Bowler,DTcJmIbn5nw,Educational,2657050,14.83,https://www.youtube.com/watch?v=DTcJmIbn5nw
Inside the mind of a master procrastinator | Tim Urban,arj7oStGLkU,Educational,30943456,14.07,https://www.youtube.com/watch?v=arj7oStGLkU
How to speak so that people want to listen | Julian Treasure,eIho2S0ZahI,Educational,28677651,9.98,https://www.youtube.com/watch?v=eIho2S0ZahI
A lesson in turning adversaries into allies | Leah Garc√©s,kmIZeEu-3CY,Educational,37903,13.57,https://www.youtube.com/watch?v=kmIZeEu-3CY
The next outbreak? We‚Äôre not ready | Bill Gates,6Af6b_wyiwI,Educational,31297837,8.62,https://www.youtube.com/watch?v=6Af6b_wyiwI
How to gain control of your free time | Laura Vanderkam,n3kNlFMXslo,Educational,5721963,11.92,https://www.youtube.com/watch?v=n3kNlFMXslo
The power of vulnerability | Bren√© Brown,iCvmsMzlF7o,Educational,14078538,20.83,https://www.youtube.com/watch?v=iCvmsMzlF7o
Quit social media | Dr. Cal Newport | TEDxTysons,3E7hkPZ-HTk,Educational,7162618,13.85,https://www.youtube.com/watch?v=3E7hkPZ-HTk
"Looks aren&#39;t everything. Believe me, I&#39;m a model. | Cameron Russell",KM4Xe6Dlp0Y,Educational,25934822,9.63,https://www.youtube.com/watch?v=KM4Xe6Dlp0Y
I Was Almost A School Shooter | Aaron Stark | TEDxBoulder,azRl1dI-Cts,Educational,11768730,7.48,https://www.youtube.com/watch?v=azRl1dI-Cts
My philosophy for a happy life | Sam Berns | TEDxMidAtlantic,36m1o-tM05g,Educational,41134296,12.75,https://www.youtube.com/watch?v=36m1o-tM05g
Learn English with Rihanna INCREDIBLE Speech at Harvard University - English Subtitles,JzOm6le-0jM,Educational,667842,7.5,https://www.youtube.com/watch?v=JzOm6le-0jM
How to stay calm when you know you&#39;ll be stressed | Daniel Levitin,8jPQjjsBbIc,Educational,10969648,12.35,https://www.youtube.com/watch?v=8jPQjjsBbIc
Your brain hallucinates your conscious reality | Anil Seth,lyu7v7nWzfo,Educational,7224669,17.02,https://www.youtube.com/watch?v=lyu7v7nWzfo
How to motivate yourself to change your behavior | Tali Sharot | TEDxCambridge,xp0O2vi8DX4,Educational,9855560,16.82,https://www.youtube.com/watch?v=xp0O2vi8DX4
Reading minds through body language | Lynne Franklin | TEDxNaperville,W3P3rT0j2gQ,Educational,3644589,11.98,https://www.youtube.com/watch?v=W3P3rT0j2gQ
What makes you special? | Mariana Atencio | TEDxUniversityofNevada,MY5SatbZMAo,Educational,13578897,17.78,https://www.youtube.com/watch?v=MY5SatbZMAo
Everything you think you know about addiction is wrong | Johann Hari,PY9DcIMGxMs,Educational,7809388,14.72,https://www.youtube.com/watch?v=PY9DcIMGxMs
Your body language may shape who you are | Amy Cuddy,Ks-_Mh1QhMc,Educational,18563549,21.05,https://www.youtube.com/watch?v=Ks-_Mh1QhMc
How childhood trauma affects health across a lifetime | Nadine Burke Harris,95ovIJ3dsNk,Educational,3565504,16.05,https://www.youtube.com/watch?v=95ovIJ3dsNk
The power of believing that you can improve | Carol Dweck,_X0mgOOSpLU,Educational,3918527,10.42,https://www.youtube.com/watch?v=_X0mgOOSpLU
Learning a language? Speak it like you‚Äôre playing a video game | Marianna Pascal | TEDxPenangRoad,Ge7c7otG2mk,Educational,6580152,15.52,https://www.youtube.com/watch?v=Ge7c7otG2mk
Sleep is your superpower | Matt Walker,5MuIMqhT8DM,Educational,5381175,19.32,https://www.youtube.com/watch?v=5MuIMqhT8DM
The person you really need to marry | Tracy McMillan | TEDxOlympicBlvdWomen,P3fIZuW9P_M,Educational,15501116,13.98,https://www.youtube.com/watch?v=P3fIZuW9P_M
What makes a good life? Lessons from the longest study on happiness | Robert Waldinger,8KkKuTCFvzI,Educational,18029464,12.78,https://www.youtube.com/watch?v=8KkKuTCFvzI
How to spot a liar | Pamela Meyer,P_6vDLq64gE,Educational,20324325,18.85,https://www.youtube.com/watch?v=P_6vDLq64gE
My escape from North Korea | Hyeonseo Lee,PdxPCeWw75k,Educational,13232442,12.27,https://www.youtube.com/watch?v=PdxPCeWw75k
Grit: the power of passion and perseverance | Angela Lee Duckworth,H14bBuluwB8,Educational,7047566,6.22,https://www.youtube.com/watch?v=H14bBuluwB8
Master Shi Heng Yi ‚Äì 5 hindrances to self-mastery | Shi Heng YI | TEDxVitosha,4-079YIasck,Educational,4001761,18.62,https://www.youtube.com/watch?v=4-079YIasck
The three secrets of resilient people | Lucy Hone | TEDxChristchurch,NWH8N-BvhAw,Educational,981221,16.35,https://www.youtube.com/watch?v=NWH8N-BvhAw
Banned TEDTalk about Psychic Abilities | Russell Targ | suespeaks.org,hBl0cwyn5GY,Educational,6154363,32.37,https://www.youtube.com/watch?v=hBl0cwyn5GY
My son was a Columbine shooter. This is my story | Sue Klebold,BXlnrFpCu0c,Educational,8546550,15.32,https://www.youtube.com/watch?v=BXlnrFpCu0c
The brain-changing benefits of exercise | Wendy Suzuki,BHY0FxzoKZE,Educational,5609698,13.05,https://www.youtube.com/watch?v=BHY0FxzoKZE
How to sound smart in your TEDx Talk | Will Stephen | TEDxNewYork,8S0FDjFBj8o,Educational,10247680,5.93,https://www.youtube.com/watch?v=8S0FDjFBj8o
The power of introverts | Susan Cain,c0KYU2j0TM4,Educational,10961886,19.08,https://www.youtube.com/watch?v=c0KYU2j0TM4
The Secret of Becoming Mentally Strong | Amy Morin | TEDxOcala,TFbv757kup4,Educational,14701395,15.03,https://www.youtube.com/watch?v=TFbv757kup4
10 ways to have a better conversation | Celeste Headlee,R1vskiVDwl4,Educational,9818328,11.75,https://www.youtube.com/watch?v=R1vskiVDwl4
How To Skip the Small Talk and Connect With Anyone | Kalina Silverman | TEDxWestminsterCollege,WDbxqM4Oy1Y,Educational,6246864,19.7,https://www.youtube.com/watch?v=WDbxqM4Oy1Y
TED TALK,9Z-MgUDvD6g,Educational,2594825,5.32,https://www.youtube.com/watch?v=9Z-MgUDvD6g
The price of shame | Monica Lewinsky,H_8y0WLm78U,Educational,10868367,22.52,https://www.youtube.com/watch?v=H_8y0WLm78U
Coronavirus Is Our Future | Alanna Shaikh | TEDxSMU,Fqw-9yMV0sI,Educational,6998402,16.77,https://www.youtube.com/watch?v=Fqw-9yMV0sI
The secrets of learning a new language | L√Ωdia Machov√°,o_XVt5rdpFY,Educational,4795745,10.77,https://www.youtube.com/watch?v=o_XVt5rdpFY
The skill of self confidence | Dr. Ivan Joseph | TEDxRyersonU,w-HYZv6HzAs,Educational,20298567,13.35,https://www.youtube.com/watch?v=w-HYZv6HzAs
How to make stress your friend | Kelly McGonigal,RcGyVTAoXEU,Educational,10620834,14.48,https://www.youtube.com/watch?v=RcGyVTAoXEU
What really matters at the end of life | BJ Miller,apbSsILLh28,Educational,6720076,19.13,https://www.youtube.com/watch?v=apbSsILLh28
ü§£ Funniest üê∂ Dogs and üòª Cats - Awesome Funny Pet Animals Videos üòá,BkD2nN5275c,Funny,31280534,11.43,https://www.youtube.com/watch?v=BkD2nN5275c
Try Not To Laugh Watching Funny Animals Compilation | Funniest Animals Vines 2019,VB4CCHHYOqY,Funny,50499606,35.85,https://www.youtube.com/watch?v=VB4CCHHYOqY
best of the best funny animals,3JJwmF09AlE,Funny,3881784,29.25,https://www.youtube.com/watch?v=3JJwmF09AlE
ü§£ Funniest üê∂ Dogs and üòª Cats - Awesome Funny  Animals Videos üòá,DKxCvAc-DvU,Funny,5334844,12.13,https://www.youtube.com/watch?v=DKxCvAc-DvU
Funniest Animals üêß - Best Of The 2020 Funny Animal Videos üòÅ - Cutest Animals Ever,z6EchXyieos,Funny,10174079,9.1,https://www.youtube.com/watch?v=z6EchXyieos
TRY NOT TO LAUGH - Funny Animal Videos!,acXZ2LlPGJY,Funny,49785,12.53,https://www.youtube.com/watch?v=acXZ2LlPGJY
Funniest Animals üêß - Best Of The 2020 Funny Animal Videos üòÅ - Cutest Animals Ever,YcXWD7m8q24,Funny,1249245,9.3,https://www.youtube.com/watch?v=YcXWD7m8q24
Funniest Animal Videos  - Try not to laugh with Funny Animal&#39;s Life Compilation,2vlWIJZ4FAQ,Funny,51141,9.0,https://www.youtube.com/watch?v=2vlWIJZ4FAQ
Funniest Animals üêß - Best Of The 2020 Funny Animal Videos üòÅ - Cutest Animals Ever,C-hgCVxKOGE,Funny,2945226,9.13,https://www.youtube.com/watch?v=C-hgCVxKOGE
Funniest Animals Scaring People Reactions of 2019 Weekly Compilation üê¢üê™üêèüêç Funny Pet Videos,Zyjerh9kLQA,Funny,15993120,9.75,https://www.youtube.com/watch?v=Zyjerh9kLQA
ü§£ Funniest üê∂ Dogs And üòªCats - Try Not To Laugh - Best Of The Funny Animal Videos,XfhlEYthG4Y,Funny,973238,12.8,https://www.youtube.com/watch?v=XfhlEYthG4Y
ü§£Funny Animals - Dog And Cats Videos 2020ü§£ Shark And Dolphin,pcI_SWje6mg,Funny,1300656,5.4,https://www.youtube.com/watch?v=pcI_SWje6mg
ü¶Å Funniest Animals üêº - Try Not To Laugh ü§£ - Funny Domestic And Wild Animals&#39; Life,pc8-8KfIW5c,Funny,23503474,25.42,https://www.youtube.com/watch?v=pc8-8KfIW5c
Try Not To Laugh Animals -  Funny Animal and Human Fails Videos 2020,W4Pf5H6ai04,Funny,3342383,10.15,https://www.youtube.com/watch?v=W4Pf5H6ai04
üê∂ Dogs  And üòπ Cats In Funny Situations  - Try Not To Laugh üòÇ,e5cJcxdkJq8,Funny,1847883,11.82,https://www.youtube.com/watch?v=e5cJcxdkJq8
Funniest Animals üêß - Best Of The 2020 Funny Animal Videos üòÅ - Cutest Animals Ever,ii8T2dxPkDI,Funny,270095,9.07,https://www.youtube.com/watch?v=ii8T2dxPkDI
üòπ Cats And üê∂ Dogs In Funny Situations  - Try Not To Laugh üòÇ,ZfHoaL8oJSM,Funny,6693511,12.67,https://www.youtube.com/watch?v=ZfHoaL8oJSM
Funniest Animals üêß - Best Of The 2020 Funny Animal Videos üòÅ - Cutest Animals Ever,6nE8ifrCB2U,Funny,3853206,10.43,https://www.youtube.com/watch?v=6nE8ifrCB2U
Funniest Animals üêß - Best Of The 2020 Funny Animal Videos üòÅ - Cutest Animals Ever,-Sw5m3VP5BM,Funny,138332,9.23,https://www.youtube.com/watch?v=-Sw5m3VP5BM
Funniest Animals üêß - Best Of The 2020 Funny Animal Videos üòÅ - Cutest Animals Ever,UGh6nA7jOUs,Funny,3203929,9.87,https://www.youtube.com/watch?v=UGh6nA7jOUs
Funniest Animals üêß - Best Of The 2020 Funny Animal Videos üòÅ - Cutest Animals Ever,be3n3ppCEqQ,Funny,321900,9.07,https://www.youtube.com/watch?v=be3n3ppCEqQ
Try Not To Laugh Watching Funny Animal Fails Compilation November 2018 #1 - Co Vines‚úî,2rdGVxaA59c,Funny,16665998,10.27,https://www.youtube.com/watch?v=2rdGVxaA59c
The funniest and most hilarious ANIMAL videos #1 - Funny animal compilation - Watch &amp; laugh!,Mq0yEI_xpb8,Funny,15781163,10.43,https://www.youtube.com/watch?v=Mq0yEI_xpb8
üëç Best Funny Cats üòπ And Dogs üê∂ Of The Month -Try Not To Laugh Challenge 2020,2w7R-z4rkYQ,Funny,3317154,27.5,https://www.youtube.com/watch?v=2w7R-z4rkYQ
Super Cute Animals üî¥ Funny and Cute Animal Videos Compilation (2018) Animales Adorables Videos,C9OMAX91oyw,Funny,1865955,15.25,https://www.youtube.com/watch?v=C9OMAX91oyw
ü§£ Funniest üê∂ Dogs and üòª Cats - Awesome Funny  Animals Videos üòá,fUc9t9YJ25c,Funny,778528,12.62,https://www.youtube.com/watch?v=fUc9t9YJ25c
Funny Animals ; Funny video,cb3a4c-FILc,Funny,20166448,5.05,https://www.youtube.com/watch?v=cb3a4c-FILc
Top 200 Funny Animals Vines || FunnyVines,Tb4B0Fc8V_A,Funny,58783684,21.27,https://www.youtube.com/watch?v=Tb4B0Fc8V_A
Super HARD TRY NOT TO LAUGH CHALLENGE - Funny ANIMAL compilation,NOhyduxTOGo,Funny,12330884,10.1,https://www.youtube.com/watch?v=NOhyduxTOGo
ü§£ Funniest üê∂ Dogs and üòª Cats - Awesome Funny Pet Animals Life Videos üòá,3dcli9i_pvA,Funny,17405600,15.9,https://www.youtube.com/watch?v=3dcli9i_pvA
Funniest Animals Scaring People Reactions of 2020 Weekly Compilation üêôü¶Üü¶Äüêì Funny Pet Videos,XY3PwSVwvCI,Funny,450573,10.2,https://www.youtube.com/watch?v=XY3PwSVwvCI
AWW Animals SOO Cute! Cute baby animals Videos Compilation cute moment of the animals #5,n-J8Nw-uDk4,Funny,5037080,10.95,https://www.youtube.com/watch?v=n-J8Nw-uDk4
Try Not To Laugh or Grin While Watching Funny Animals Compilation #23,d8DgndRyHWM,Funny,31079865,5.77,https://www.youtube.com/watch?v=d8DgndRyHWM
Funniest Animals Scaring People Reactions of 2019 Weekly Compilation üòÜüòÇü§£ Funny Animal Videos,6XHfuAPP7C4,Funny,668410,10.28,https://www.youtube.com/watch?v=6XHfuAPP7C4
TRY NOT TO LAUGH - Funny Babies at the ZOO  - Funny Baby Video Compilation 2020,3NfO7yecK7A,Funny,5830941,10.58,https://www.youtube.com/watch?v=3NfO7yecK7A
Funniest Animals üêß - Best Of The 2020 Funny Animal Videos üòÅ - Cutest Animals Ever,3cpdLrNTcIY,Funny,217925,9.23,https://www.youtube.com/watch?v=3cpdLrNTcIY
üëç Best Funny Dogs üê∂ And Cats üòπ Of The Month -Try Not To Laugh Challenge 2020,RTjgyKvr2rs,Funny,6641009,25.13,https://www.youtube.com/watch?v=RTjgyKvr2rs
FORGET CATS! Funny KIDS vs ZOO ANIMALS are WAY FUNNIER! - TRY NOT TO LAUGH,RKU6x1n9Hak,Funny,191222321,10.35,https://www.youtube.com/watch?v=RKU6x1n9Hak
Funniest üòπ Cats And üê∂ Dogs Videos - Try Not To Laugh Challange üòÇ,WSwB8lmDKI4,Funny,282474,12.27,https://www.youtube.com/watch?v=WSwB8lmDKI4
Amazing Animal Encounters 2019 (Funny animal attack),iYwgJcU02SY,Funny,16703489,4.52,https://www.youtube.com/watch?v=iYwgJcU02SY
TRY NOT TO LAUGH üê∂üò∫üêüüê¥üêêüôâü¶É  Funniest Animals Scared People Reaction of 2020 Weekly,M2z8f4_SsV4,Funny,1098917,11.27,https://www.youtube.com/watch?v=M2z8f4_SsV4
World&#39;s FUNNIEST ANIMAL VIDEOS! - I BET you will LAUGH YOUR HEAD OFF,bUf4mlRXMno,Funny,4284584,10.03,https://www.youtube.com/watch?v=bUf4mlRXMno
Funniest Animals üêß - Best Of The 2020 Funny Animal Videos üòÅ - Cutest Animals Ever,7kfdNaUgtgE,Funny,84326,4.77,https://www.youtube.com/watch?v=7kfdNaUgtgE
Funny Videos Animals - üê∂ It&#39;s time to LAUGH with Dog&#39;s life - Dog 2020,kdJvv3RipNY,Funny,169832,8.27,https://www.youtube.com/watch?v=kdJvv3RipNY
ü§£ Funniest üê∂ Dogs And üòªCats - Try Not To Laugh - Best Of The 2020 Funny Animal Videos,bCVkOqSDywI,Funny,9172228,37.72,https://www.youtube.com/watch?v=bCVkOqSDywI
Funny ANIMAL Videos is ALL we Need üòÜüòÇ TRY NOT TO LAUGH OR SMILE ‚òÖ87,lMCSVz4btbY,Funny,2047032,10.37,https://www.youtube.com/watch?v=lMCSVz4btbY
The Cutest Kids and Animals Compilation 2019 Pt  1 üê∂üê±üê≠üêπ Funny Pet Videos,Xj-SKcIE3zg,Funny,29453489,10.02,https://www.youtube.com/watch?v=Xj-SKcIE3zg
Best of Funny Penguins üòäüêß Cute Animals Videos Compilation,g2O_ItaKZeg,Funny,12840,4.32,https://www.youtube.com/watch?v=g2O_ItaKZeg
Animals Attack Funny Video ‚óèBest Comedy Animal Fails Compilation 2018‚óÜFunniest vines Completion kids,iSNYyQk3FU4,Funny,717563,4.02,https://www.youtube.com/watch?v=iSNYyQk3FU4
Baby Dogs - Cute and Funny Dog Videos Compilation #3 | Aww Animals,X2lIovmNsUY,Funny,39207014,9.58,https://www.youtube.com/watch?v=X2lIovmNsUY
SNATCHED The FAIL Right Outta Her Mouth! üòÖ | Funniest Fail | AFV 2020,Cbn8mn2Qo3Q,Funny,93829,8.62,https://www.youtube.com/watch?v=Cbn8mn2Qo3Q
WATCH and TRY TO STOP LAUGHING - Super FUNNY VIDEOS compilation,DODLEX4zzLQ,Funny,62350301,10.03,https://www.youtube.com/watch?v=DODLEX4zzLQ
TRY NOT TO LAUGH with Your Mouth Closed ü§£ Funny Video 2020,7a4OLQw1UoY,Funny,425460,8.67,https://www.youtube.com/watch?v=7a4OLQw1UoY
Stop motion Cooking üåø How To make EYE FINGER FOOD Mukbang üåø Funny Videos ASMR Eating 4K,dKD1L0SfcOc,Funny,146147,0.0,https://www.youtube.com/watch?v=dKD1L0SfcOc
TRY NOT TO LAUGH - Best Viral Clips | Funny Videos of the Week,8jzvTBPVTxU,Funny,1139187,10.52,https://www.youtube.com/watch?v=8jzvTBPVTxU
Best Bad Ideas of The YEAR || Funny Videos,XzuouoRgIWA,Funny,82060,10.05,https://www.youtube.com/watch?v=XzuouoRgIWA
New Funny Videos 2020 ‚óè People doing stupid things P190,KZgqObXNcso,Funny,934058,10.2,https://www.youtube.com/watch?v=KZgqObXNcso
TRY NOT TO LAUGH - Best Viral Moments | Funny Videos of the Week,4lBbKovVWMU,Funny,179467,10.5,https://www.youtube.com/watch?v=4lBbKovVWMU
TRY TO NOT LAUGH CHALLENGE Must Watch New Funny Video 2020_Episode 145 By Maha Fun Tv,JSpm6d-zrjQ,Funny,11104842,8.43,https://www.youtube.com/watch?v=JSpm6d-zrjQ
[2 HOUR] Try Not to Laugh Challenge! Funny Fails | Fails of the Week | Funniest Videos | AFV,345TLg5IJLA,Funny,455894,121.1,https://www.youtube.com/watch?v=345TLg5IJLA
TRY NOT TO LAUGH - Funny Videos 2019 - Best Trolling of The Week,DsRudcH36lU,Funny,133360,8.35,https://www.youtube.com/watch?v=DsRudcH36lU
Must Watch New Funny Video 2020 Top New Comedy Video 2020 Try To Not Laugh Episode 129 By MahaFunTv,rZi_8t0xK44,Funny,78843597,10.2,https://www.youtube.com/watch?v=rZi_8t0xK44
Gettin&#39; DOCKED By the FAIL! üòÖ | Funny Fails | AFV 2020,NG2-1smswOU,Funny,253951,8.58,https://www.youtube.com/watch?v=NG2-1smswOU
Get Ready to GET DOWN! üòÖ  | Funniest Fails  | AFV 2020,Tu7BjRCI2tE,Funny,447234,8.68,https://www.youtube.com/watch?v=Tu7BjRCI2tE
TRY TO NOT LAUGH CHALLENGE  Must Watch New Funny Video 2020_Episode 140 By Maha Fun Tv,khjc5UGVV2o,Funny,40803187,8.48,https://www.youtube.com/watch?v=khjc5UGVV2o
[4 HOUR] Try Not to Laugh Challenge! Funny Fails | Funniest Videos | AFV,zAe5n2F3IQI,Funny,1921087,240.52,https://www.youtube.com/watch?v=zAe5n2F3IQI
Another List of BAD IDEAS! üòÖ | Funniest Fails | AFV 2020,r48u7Mx62Z4,Funny,306308,8.67,https://www.youtube.com/watch?v=r48u7Mx62Z4
Funniest Animals üêß - Best Of The 2020 Funny Animal Videos üòÅ - Cutest Animals Ever,z6EchXyieos,Funny,10174079,9.1,https://www.youtube.com/watch?v=z6EchXyieos
ü§£ Funniest üê∂ Dogs and üòª Cats - Awesome Funny Pet Animals Videos üòá,BkD2nN5275c,Funny,31280534,11.43,https://www.youtube.com/watch?v=BkD2nN5275c
FLAILING Into the FAIL! üò±üòÇ | Funny Fails | AFV 2020,THXQWyWg2lY,Funny,288877,8.32,https://www.youtube.com/watch?v=THXQWyWg2lY
TRY NOT TO LAUGH - Funniest Fail Videos of the Week,wEqOGQtD_Ds,Funny,279339,10.53,https://www.youtube.com/watch?v=wEqOGQtD_Ds
New Funny Videos 2020 ‚óè People doing stupid things P181,e7s_3Tagku4,Funny,2516325,10.75,https://www.youtube.com/watch?v=e7s_3Tagku4
TRY NOT TO LAUGH CHALLENGE üòÇ New Funny Comedy Video 2020 New Non-Stop Comedy By Bindas Fun Masti,CHyeAC69ztE,Funny,230844,5.2,https://www.youtube.com/watch?v=CHyeAC69ztE
TRY NOT TO LAUGH with Your Mouth Closed ü§£ Funny Video 2020,VQJ40f_JdOI,Funny,1985281,8.22,https://www.youtube.com/watch?v=VQJ40f_JdOI
Feet UP for the FAIL! üòÇ | Funny Fails | AFV 2020,qm2pZXWzSbE,Funny,266213,8.52,https://www.youtube.com/watch?v=qm2pZXWzSbE
At Least They FAILED Together! üòÖ | Funny Fails | AFV 2020,bnLk2dpxyz4,Funny,570368,8.9,https://www.youtube.com/watch?v=bnLk2dpxyz4
TRY TO NOT LAUGH CHALLENGE  Must Watch New Funny Video 2020_Episode 142 By Maha Fun Tv,LTYpIrAKVWA,Funny,19744957,8.25,https://www.youtube.com/watch?v=LTYpIrAKVWA
"The Couple That FAILS Together, STAYS Together! üòÖ | Funniest Fails | AFV 2020",HI1mFDIUOII,Funny,1142670,8.48,https://www.youtube.com/watch?v=HI1mFDIUOII
New Funny Videos 2020 ‚óè People doing stupid things P118,yT0L47hpCRM,Funny,10312676,12.05,https://www.youtube.com/watch?v=yT0L47hpCRM
New Funny Videos 2020 ‚óè People doing stupid things P157,5pSY8_cn4hA,Funny,5073420,11.28,https://www.youtube.com/watch?v=5pSY8_cn4hA
TRY NOT TO LAUGH - Funny Animal Videos!,acXZ2LlPGJY,Funny,49785,12.53,https://www.youtube.com/watch?v=acXZ2LlPGJY
"Tiny Ramp, BIG FAIL! üòÇ  | Funnies &amp; Fails | AFV 2020",jWXsMbBP0Jk,Funny,275898,8.45,https://www.youtube.com/watch?v=jWXsMbBP0Jk
Try Not To Laugh Watching Funny Kids Fails Compilation 2019 - Part 2,je4Uw8qUj08,Funny,20832422,10.3,https://www.youtube.com/watch?v=je4Uw8qUj08
TRY NOT TO LAUGH - Funny WATER Fails Videos (PT.4),mRutm1U7n24,Funny,184366,12.92,https://www.youtube.com/watch?v=mRutm1U7n24
New Funny Videos 2020 ‚óè People doing stupid things P186,YqRtCwpB_iY,Funny,607644,10.88,https://www.youtube.com/watch?v=YqRtCwpB_iY
TRY NOT TO LAUGH AT THIS üòÜ Funny  Video Compilation 2020,LADaFDwaQGA,Funny,2179794,10.07,https://www.youtube.com/watch?v=LADaFDwaQGA
ü§£Funny Animals - Dog And Cats Videos 2020ü§£ Shark And Dolphin,pcI_SWje6mg,Funny,1300656,5.4,https://www.youtube.com/watch?v=pcI_SWje6mg
BLINDED By the BALL! üòÇ | Funnies &amp; Fails | AFV 2020,i-Izomt4FaM,Funny,280106,8.68,https://www.youtube.com/watch?v=i-Izomt4FaM
TRY TO NOT LAUGH CHALLENGE Must Watch New Funny Video 2020_Episode 95 By Busy Fun Ltd,U4Yf6wFfveo,Funny,2423828,8.3,https://www.youtube.com/watch?v=U4Yf6wFfveo
New Funny Videos 2020 ‚óè People doing stupid things P194,CNTTTyX6rWE,Funny,42727,11.52,https://www.youtube.com/watch?v=CNTTTyX6rWE
LAUGHING Through the FAIL! ü§£ | Funnies &amp; Fails | AFV 2020,Dgp28bMZ7dc,Funny,246639,8.25,https://www.youtube.com/watch?v=Dgp28bMZ7dc
Try Not To Laugh üòÜ Funny Video 2020 - What A Nice Move üòÇ,kiUnQmez-7g,Funny,281249,8.98,https://www.youtube.com/watch?v=kiUnQmez-7g
TRY NOT TO LAUGH - Kid Fails &amp; Cute Baby Videos Compilation | Funny Vines 2018,N-9UoB7hnec,Funny,15167415,11.12,https://www.youtube.com/watch?v=N-9UoB7hnec
New Funny Videos 2020 ‚óè People doing stupid things P130,c7f807JO_SI,Funny,5513608,10.88,https://www.youtube.com/watch?v=c7f807JO_SI
TRY NOT TO LAUGH CHALLENGEüòÇüòÜü§£ FUNNY VIDEOSü§™üòùüòé BEST VINESüì±üìπüì∫#106,zad82YBeudw,Funny,19416,10.62,https://www.youtube.com/watch?v=zad82YBeudw
New Funny Videos 2020 ‚óè People doing stupid things P185,xKq0tNtJAK0,Funny,400209,11.03,https://www.youtube.com/watch?v=xKq0tNtJAK0
Talk About A HARD-HEADED FAIL! üôÑ | Funny Videos| AFV 2020,pQg8xpgtNg4,Funny,712613,8.6,https://www.youtube.com/watch?v=pQg8xpgtNg4
TOP 10 BABALU FUNNY CLIPS | BABALU | PINOY FUNNY VIDEOS,WHGt37q2xJw,Funny,468832,13.57,https://www.youtube.com/watch?v=WHGt37q2xJw
New Funny Videos 2020 ‚óè People doing stupid things P192,PkDgke_F3Q4,Funny,81905,10.92,https://www.youtube.com/watch?v=PkDgke_F3Q4
Try Not To SCREAM! (She FAILS) üò±üòÜ | Funny Pranks and Fails | AFV 2020,AeW3soSI4Zs,Funny,4102001,10.48,https://www.youtube.com/watch?v=AeW3soSI4Zs
Dear Biwi ( Short Film ) | Rahim Pardesi | Heena Chaudhary,iFuY20IERq8,Short Movie,1337742,9.45,https://www.youtube.com/watch?v=iFuY20IERq8
The Neighbors&#39; Window - Oscar Winning Short Film,k1vCrsZ80M4,Short Movie,6170990,20.63,https://www.youtube.com/watch?v=k1vCrsZ80M4
&quot;A Folded Wish&quot; | CGI Animated Short Film (2020),9HEkdFzHLHs,Short Movie,6530762,8.0,https://www.youtube.com/watch?v=9HEkdFzHLHs
Gharelu (Hindi Short film) - Home Maid secretly runs a YouTube Channel,jAGs95M7ahs,Short Movie,1373886,13.97,https://www.youtube.com/watch?v=jAGs95M7ahs
Award Winning Hindi Short Film | The Blue Helmet | Six Sigma Films,kHq0jniKmIE,Short Movie,211933,9.97,https://www.youtube.com/watch?v=kHq0jniKmIE
Sci-Fi Short Film: &quot;Laws of the Universe&quot; | DUST Exclusive,ssb5x5Ic0N8,Short Movie,395557,14.22,https://www.youtube.com/watch?v=ssb5x5Ic0N8
THE MASK - Short Film,QVoTirScoiQ,Short Movie,21789390,5.28,https://www.youtube.com/watch?v=QVoTirScoiQ
REBOOTED | Short Film,1Rkn6rnsgc4,Short Movie,2520975,12.78,https://www.youtube.com/watch?v=1Rkn6rnsgc4
&quot;Alone&quot; - *Award Winning* Post-Apocalyptic Short Film,wbTc81JmQTs,Short Movie,3620554,6.18,https://www.youtube.com/watch?v=wbTc81JmQTs
Pip | A Short Animated Film,07d2dXHYb94,Short Movie,209391423,4.1,https://www.youtube.com/watch?v=07d2dXHYb94
Midnight Horror Short Film &quot;Imagine A World&quot; | ALTER,9CI6w5A0kCs,Short Movie,21100,15.03,https://www.youtube.com/watch?v=9CI6w5A0kCs
Painkiller | Dark Comedy Short Film | MYM,HgZIYY1Ty7o,Short Movie,1508141,14.5,https://www.youtube.com/watch?v=HgZIYY1Ty7o
Is This Free? (Short Comedy Film),sxCWB47ZCLQ,Short Movie,3046428,8.62,https://www.youtube.com/watch?v=sxCWB47ZCLQ
Hindi Touching Short Film - Baalak | An emotional drama filled with sentiments &amp; emotions,LWVszQoVnGY,Short Movie,1708985,14.28,https://www.youtube.com/watch?v=LWVszQoVnGY
Hindi Comedy Short Film- Manoharji Ki Nimmi l Seema Pahwa l Husband and Wife Relationship,fJeKTc9sbDs,Short Movie,522915,13.4,https://www.youtube.com/watch?v=fJeKTc9sbDs
‡®Æ‡®ú‡®¨‡©Ç‡®∞‡©Ä || New Punjabi short movie ||  2020 || #charanpal,9kLacQwM8wE,Short Movie,84692,16.08,https://www.youtube.com/watch?v=9kLacQwM8wE
Coin Operated - Animated Short Film,5L4DQfVIcdg,Short Movie,11319256,5.25,https://www.youtube.com/watch?v=5L4DQfVIcdg
Anxiety - Short Film,mRqR4mOC4gc,Short Movie,9064758,6.27,https://www.youtube.com/watch?v=mRqR4mOC4gc
Happy Birthday | Short Film Ft. Helly Shah | Seemaa Desai,WkOk16oRQVE,Short Movie,47878,21.33,https://www.youtube.com/watch?v=WkOk16oRQVE
Royal Stag Barrel Select Large Short Films | The Relationship Manager | Falguni Thakore,KbpQM3NiJrI,Short Movie,3106709,18.2,https://www.youtube.com/watch?v=KbpQM3NiJrI
SHORT MOVIE TERLANJUR MENCINTA,s3HRaTAPlSk,Short Movie,98407,8.5,https://www.youtube.com/watch?v=s3HRaTAPlSk
"‡§¶‡•á‡§µ‡§∞‡§æ‡§®‡•Ä ‡§ú‡•á‡§†‡§æ‡§®‡•Ä Devrani Jethani Heart touching new nepali Short Movie Ash Narayan ,Muna Anita,Dipshan",DlPk7hSo9Q4,Short Movie,124259,35.47,https://www.youtube.com/watch?v=DlPk7hSo9Q4
WAJOOD (Selfhood) ‡§µ‡§ú‡•Ç‡§¶ | Short Film | Bawra Manjhi | 2018,r6qmspmMvS0,Short Movie,4356523,12.22,https://www.youtube.com/watch?v=r6qmspmMvS0
Stationary (2020) | Drama Short Film | MYM,WSvsRe4hqCs,Short Movie,171855,12.78,https://www.youtube.com/watch?v=WSvsRe4hqCs
Horror Short Film ‚ÄúBackstroke‚Äù | ALTER,3_DQmfFjTlU,Short Movie,6397325,10.37,https://www.youtube.com/watch?v=3_DQmfFjTlU
Hair Love | Oscar¬Æ-Winning Short Film (Full) | Sony Pictures Animation,kNw8V_Fkw28,Short Movie,44131673,6.8,https://www.youtube.com/watch?v=kNw8V_Fkw28
Listen To Me - Short Film,ctbI3RftTNk,Short Movie,2487531,8.13,https://www.youtube.com/watch?v=ctbI3RftTNk
Haba Goba | Tridha Choudhury and Ritwik Bhowmik | Short Film | TTT,CC6HuEpPUE4,Short Movie,320495,10.7,https://www.youtube.com/watch?v=CC6HuEpPUE4
The Twist | Short Film | Ritvik Sahore | Sushama Deshpande | Gayatri Salkar | Uttara Krishnadas,AxOe5CiNydg,Short Movie,3439564,13.35,https://www.youtube.com/watch?v=AxOe5CiNydg
Devi | Kajol | Royal Stag Barrel Select Large Short Films,2KP0aDTVtFI,Short Movie,16897529,13.03,https://www.youtube.com/watch?v=2KP0aDTVtFI
KAMU DIA (SHORT MOVIE),1aJysM79SaU,Short Movie,505320,16.15,https://www.youtube.com/watch?v=1aJysM79SaU
SHORT MOVIE - TANYA HATI #PESANPERASAAN,OuEXbD06X7I,Short Movie,37667,5.02,https://www.youtube.com/watch?v=OuEXbD06X7I
LDR - Short Movie,DXPYwrs7nqo,Short Movie,216620,25.77,https://www.youtube.com/watch?v=DXPYwrs7nqo
Award Winning Hindi Short Film | Masala Steps - Story Of Life &amp; Relationships | Six Sigma Films,24Db-vgCsDE,Short Movie,230775,20.93,https://www.youtube.com/watch?v=24Db-vgCsDE
SHORT MOVIE RIZKY FEBIAN ‚ÄúJEJAK BIAN&quot;,PY5IpN3LxVU,Short Movie,1495122,39.1,https://www.youtube.com/watch?v=PY5IpN3LxVU
KRRISH || KRISHNA WITH SUPER POWERS || FREE FIRE SHORT FILM || RISHI GAMING,L7DrtfrhtA0,Short Movie,427130,11.52,https://www.youtube.com/watch?v=L7DrtfrhtA0
Love Kanda Dashain ||Nepali Comedy Short Film || Local Production || October 2020,HNwbdE-DHr0,Short Movie,38034,24.13,https://www.youtube.com/watch?v=HNwbdE-DHr0
Alternative Math | Short Film,Zh3Yz3PiXZw,Short Movie,9048381,9.12,https://www.youtube.com/watch?v=Zh3Yz3PiXZw
Tamas | Short Film | Adhvik Mahajan | Rashami Desai,FuKhNWUneJM,Short Movie,2563513,23.12,https://www.youtube.com/watch?v=FuKhNWUneJM
"Khayali Pulao | Short Film | Prajakta Koli, Yashpal Sharma | MostlySane",8cMDYZUfW-A,Short Movie,3196663,26.22,https://www.youtube.com/watch?v=8cMDYZUfW-A
JOY (2020) | Drama Short Film | MYM [2K],qIwPsgP9KSg,Short Movie,22494,23.05,https://www.youtube.com/watch?v=qIwPsgP9KSg
Short Movie - KUYUP (2020),vD5Pvzt8KS0,Short Movie,330037,11.55,https://www.youtube.com/watch?v=vD5Pvzt8KS0
‡®ö‡©Å‡®ó‡®≤‡®ñ‡©ã‡®∞ ‡®∏‡©±‡®∏‡•§Chugalkhor Sass‡•§New Latest Punjabi Movie‡•§Punjabi Short Movie 2020‡•§ Dhillon mansa wala,eEXGFbx3IVc,Short Movie,263616,24.63,https://www.youtube.com/watch?v=eEXGFbx3IVc
Suara Kirana (2020) - OFFICIAL SHORT MOVIE,tD1JF7iqsjs,Short Movie,555741,29.08,https://www.youtube.com/watch?v=tD1JF7iqsjs
Royal Stag Barrel Select Large Short Films | Call Him Eddy | Sanjay Suri | Eisha Chopra,WnNJaYYF16M,Short Movie,1454216,20.4,https://www.youtube.com/watch?v=WnNJaYYF16M
Dark Comedy Short Film | Dig Your Own Grave,GEKCY8VZSb0,Short Movie,4223,13.8,https://www.youtube.com/watch?v=GEKCY8VZSb0
‡®ú‡®º‡®∞‡©Ç‡®∞‡®§ PUNJABI SHORTMOVIE 2020‡•§ KALAUHDMOVIES  PunjabinwemoviesshortfilmsAmit Bhadana,z7bcL50KhCc,Short Movie,3278290,16.33,https://www.youtube.com/watch?v=z7bcL50KhCc
Heart Touching Short Film,u2APoWF9-H0,Short Movie,9442756,20.2,https://www.youtube.com/watch?v=u2APoWF9-H0
‡®Ü‡®´‡®ø‡®∏ ‡®µ‡®æ‡®≤‡©Ä ‡®Æ‡©à‡®°‡®Æ ‡®®‡®æ‡®≤ ‡®®‡®ú‡®æ‡®á‡®ú‡®º ‡®∏‡®¨‡©∞‡®ß Nazayaz Sambandh punjabi short movie Angad tv Abhepur,t8TC8sosVXs,Short Movie,164205,26.88,https://www.youtube.com/watch?v=t8TC8sosVXs
Sensor - Indonesian Sexual Comedy Short Film // Viddsee.com,Ci_YFUYuneg,Short Movie,154562,10.47,https://www.youtube.com/watch?v=Ci_YFUYuneg
