vid_title,vid_id,category,duration,views,likes,url
5 Minute Abs Desk Workout | Exercises For a Flat Belly,5zjZIHsHuDI,Workout,6.42,36865,1257,https://www.youtube.com/watch?v=5zjZIHsHuDI
Real Time Desk Exercises &amp; Stretches - Ask Doctor Jo,CAq9vV7gkrs,Workout,11.12,14159,226,https://www.youtube.com/watch?v=CAq9vV7gkrs
Standing Desk Workout - 5 Exercises to do at Work,9N6ZQz-CV44,Workout,5.23,22451,310,https://www.youtube.com/watch?v=9N6ZQz-CV44
Easy 10-Minute Workout You Can Do at Your Desk,0Dp2rL397jA,Workout,2.45,76672,687,https://www.youtube.com/watch?v=0Dp2rL397jA
How to Get Your Daily Workout at Your Desk | WSJ,XEm9QuABBKs,Workout,3.92,27440,817,https://www.youtube.com/watch?v=XEm9QuABBKs
Lose hanging lower belly fat sitting - Beginner friendly chair workout,0x_MsUr3tag,Workout,14.32,903018,19672,https://www.youtube.com/watch?v=0x_MsUr3tag
Stretch Breaks at Your Desk (2018),vE1idGTZOIY,Workout,1.98,100132,922,https://www.youtube.com/watch?v=vE1idGTZOIY
12 Core Strengthening Exercises You Can Do In The Office (WITHOUT LEAVING YOUR SEAT),dM0rrWFbMpg,Workout,5.97,161455,1824,https://www.youtube.com/watch?v=dM0rrWFbMpg
Full Body Desk Workout,FABeW2UYbMI,Workout,11.25,11032,244,https://www.youtube.com/watch?v=FABeW2UYbMI
The 5 Minute Desk Workout | Fitness,eR1AWOp6t30,Workout,5.62,34544,204,https://www.youtube.com/watch?v=eR1AWOp6t30
Exercise at Your Desk! Seated Office Workout for Energy,U8tB5wtdZnY,Workout,11.25,96902,1372,https://www.youtube.com/watch?v=U8tB5wtdZnY
Deskercise -  Lower Back and Torso Stretches,5M-b1c2spPE,Workout,2.17,68524,566,https://www.youtube.com/watch?v=5M-b1c2spPE
INTENSE Exercises To Do At Your Desk,DgxuAKSa6OM,Workout,10.52,155017,3356,https://www.youtube.com/watch?v=DgxuAKSa6OM
Yoga at Your Desk,tAUf7aajBWE,Workout,6.4,1349386,15579,https://www.youtube.com/watch?v=tAUf7aajBWE
10 Min Office Workout Exercises - Quick Office Workout Routine - 1 workout a day,M_heu5pg2IQ,Workout,10.47,99279,0,https://www.youtube.com/watch?v=M_heu5pg2IQ
Easy At-Work Stretches for Neck Pain and Back Pain,XkT7jxFfPHA,Workout,3.47,58958,717,https://www.youtube.com/watch?v=XkT7jxFfPHA
2 Minutes office chair workout | Stress Relieving Exercise,GWTpAJW0q9M,Workout,4.12,15704,118,https://www.youtube.com/watch?v=GWTpAJW0q9M
7-MINUTE STANDING DESK WORKOUT!,tjVE9zaISRQ,Workout,7.97,1853,24,https://www.youtube.com/watch?v=tjVE9zaISRQ
Desk exercises,Lg8PFfd85ts,Workout,3.3,93981,860,https://www.youtube.com/watch?v=Lg8PFfd85ts
5 Minute Desk Chair Workout--Get Moving During Your Work Day!,oPjdR-yU0PQ,Workout,7.18,6661,81,https://www.youtube.com/watch?v=oPjdR-yU0PQ
Chair Cardio for Fat Loss: Seated No Impact Fitness Class,_nZ07OVtSmQ,Workout,24.05,226379,6840,https://www.youtube.com/watch?v=_nZ07OVtSmQ
Office Exercises You Can Do In Secret. Get in a Workout at Work.,GIUwLNAxesA,Workout,3.35,3418,114,https://www.youtube.com/watch?v=GIUwLNAxesA
Desk Workout,H1UHEtUmRT4,Workout,6.02,311,12,https://www.youtube.com/watch?v=H1UHEtUmRT4
"Office Mobility Routine: Desk Workout for Stiff Neck, Shoulders, and Back at Work",6Kr6KEADhoU,Workout,4.93,26275,390,https://www.youtube.com/watch?v=6Kr6KEADhoU
"Do This: 4 minute, intense arm workout at your desk!",biqnsa9j6Bc,Workout,6.87,3668,38,https://www.youtube.com/watch?v=biqnsa9j6Bc
sitting arms series (do this at your desk),h1dpwovNnxA,Workout,4.43,177816,2813,https://www.youtube.com/watch?v=h1dpwovNnxA
Ultimate OFFICE CHAIR Ab Workout | No Excuses | Brendan Meyers,8c5pGC_8_5E,Workout,4.77,89488,1567,https://www.youtube.com/watch?v=8c5pGC_8_5E
Stand Up Desk Energising Workout,7_L3SMHhxjM,Workout,2.37,18003,185,https://www.youtube.com/watch?v=7_L3SMHhxjM
30-Minute Desk Workout With Dolvett Quince | Thrive Market,OSGR805EOUc,Workout,6.72,65980,910,https://www.youtube.com/watch?v=OSGR805EOUc
5-MINUTE SEATED DESK WORKOUT!,O2-E0pEze84,Workout,5.6,196,3,https://www.youtube.com/watch?v=O2-E0pEze84
Mini-Desk Workout: Fixing a Slouched Posture,-cw0X0NAwUw,Workout,3.28,610,10,https://www.youtube.com/watch?v=-cw0X0NAwUw
FAST Desk Workout -  At Work Exercises that WORK!,H6SJ1TALyP8,Workout,4.45,9357,135,https://www.youtube.com/watch?v=H6SJ1TALyP8
Improve you posture from your desk! (10 min workout - sitting stretches &amp; exercises),RXEUOPFEGLI,Workout,10.33,15278,541,https://www.youtube.com/watch?v=RXEUOPFEGLI
Fast 3 Minute Office Workout,QgvU0rCe7S0,Workout,3.15,4028,39,https://www.youtube.com/watch?v=QgvU0rCe7S0
10 Minute Exercises at Work  - 10 Min Office Workout Exercises - Quick Office Workout Routine,mH3AzNyPalY,Workout,9.75,12425,0,https://www.youtube.com/watch?v=mH3AzNyPalY
Desk Exercises at Work | Office Workout: Exercises at Desk While Working,EI7rPiEGVS8,Workout,2.5,734,12,https://www.youtube.com/watch?v=EI7rPiEGVS8
Relaxing Stretching Workout for Stiff Muscles &amp; Stress Relief - Easy Stretches to Do at Work,a9WC_eLmP30,Workout,6.07,2173575,15329,https://www.youtube.com/watch?v=a9WC_eLmP30
Desk Workout Using Bands,S8zPcenZb0U,Workout,1.17,832,17,https://www.youtube.com/watch?v=S8zPcenZb0U
The Easy At-Your-Desk Workout for Your Thighs | #OWNSHOW | Oprah Online,QLi0E-5gwrM,Workout,1.7,2535,32,https://www.youtube.com/watch?v=QLi0E-5gwrM
15-Minute Desk Workout,iQgLd1fmre4,Workout,15.58,109335,248,https://www.youtube.com/watch?v=iQgLd1fmre4
10-Minute Exercises at Work,ytLAobeZrbE,Workout,11.92,102438,510,https://www.youtube.com/watch?v=ytLAobeZrbE
10-Minute Workout You Can Do From Your Desk | P.volve Workouts,57kRQdYGTEo,Workout,9.63,6255,124,https://www.youtube.com/watch?v=57kRQdYGTEo
Health Style - Office Workout,P8sOb4rcc-w,Workout,0.53,19071,2,https://www.youtube.com/watch?v=P8sOb4rcc-w
Office Based Workout | Nuffield Health,Lqw2u3vHHos,Workout,4.13,41720,180,https://www.youtube.com/watch?v=Lqw2u3vHHos
CHAIR EXERCISES - SEATED CHAIR WORKOUT - IDEAL  SEATED WORKOUT FOR WEIGHT LOSS by Lucy Wyndham-Read,9PpO-sh2HD4,Workout,12.67,115679,2891,https://www.youtube.com/watch?v=9PpO-sh2HD4
15-Minute Desk Workout,nKCPcRcJmqc,Workout,15.58,425507,814,https://www.youtube.com/watch?v=nKCPcRcJmqc
7 mins WORK BREAK workout at your desk (on your chair),yGeJ745bB_8,Workout,7.52,368,30,https://www.youtube.com/watch?v=yGeJ745bB_8
Desk Workout | Simple &amp; Effective,woqplFGJBC4,Workout,10.4,800,9,https://www.youtube.com/watch?v=woqplFGJBC4
Desk Workout - 5 Minute Office Fitness &amp; Computer Workout w/ Jake Mace!,puJjT3DsP88,Workout,5.53,7762,258,https://www.youtube.com/watch?v=puJjT3DsP88
Cubii Smart Under-Desk Elliptical Review - Ask Doctor Jo,V0ICZ7BzSUc,Workout,5.25,192481,1325,https://www.youtube.com/watch?v=V0ICZ7BzSUc
NO GYM FULL BODY WORKOUT (feat. 5 min Tabata) | 5Î∂Ñ Ï†ÑÏã† ÌÉÄÎ∞îÌÉÄ Ïö¥Îèô,Tz9d7By2ytQ,Workout,5.4,19469119,415275,https://www.youtube.com/watch?v=Tz9d7By2ytQ
5-Minute Standing Flat-Belly Workout | Class FitSugar,SRq7XtDW0wg,Workout,5.62,11343976,141614,https://www.youtube.com/watch?v=SRq7XtDW0wg
5-Minute Workout That Replaces High-Intensity Cardio,FXDWtYsu1dQ,Workout,11.05,35563972,521433,https://www.youtube.com/watch?v=FXDWtYsu1dQ
"LOSE FAT in 7 days (belly, waist &amp; abs) | 5 minute Home Workout",ohgLmY19jNg,Workout,5.88,9964908,407273,https://www.youtube.com/watch?v=ohgLmY19jNg
5 MINUTE MORNING WORKOUT (NO EQUIPMENT),ZtNAGrM1gMM,Workout,5.62,173921,4758,https://www.youtube.com/watch?v=ZtNAGrM1gMM
5 MINUTE FAT BURNER üí™üíï Ultimate No Equipment Cardio Workout,EDD4GxHVess,Workout,5.22,516349,10809,https://www.youtube.com/watch?v=EDD4GxHVess
Bowflex¬Æ Bodyweight Workout | Five-Minute Cardio Blast Workout,BR0jT6JxH-o,Workout,5.55,6041673,82309,https://www.youtube.com/watch?v=BR0jT6JxH-o
5 MIN HOME WORKOUT YOU CAN DO EVERY MORNING l Îß§Ïùº ÏïÑÏπ® 5Î∂Ñ Ï†ÑÏã† ÌôàÌä∏Î†àÏù¥Îãù,fLLScgWQcHc,Workout,5.45,1739502,42599,https://www.youtube.com/watch?v=fLLScgWQcHc
5 Minute LOWER ABS Workout üëôüíï LOSE LOWER BELLY FAT,Jnkz6q39Dlw,Workout,5.55,1442385,30797,https://www.youtube.com/watch?v=Jnkz6q39Dlw
5 MINUTE BEDTIME WORKOUT ROUTINE,5Q4ewnHMNW8,Workout,5.52,2364543,72014,https://www.youtube.com/watch?v=5Q4ewnHMNW8
5 Minute Move | Kids Workout 1 | The Body Coach TV,d3LPrhI0v-w,Workout,5.83,2761907,13554,https://www.youtube.com/watch?v=d3LPrhI0v-w
"5 min Cardio for Beginners - No Equipment Home Workout - 40 second, 20 second Intervals",q2NZyW5EP5A,Workout,5.33,348188,5287,https://www.youtube.com/watch?v=q2NZyW5EP5A
5 min Cardio HIIT Workout for Fat Loss - 40s/20s Intervals - Home Workouts,XGtjACeyHtc,Workout,5.33,2095433,33200,https://www.youtube.com/watch?v=XGtjACeyHtc
5 Minute Butt and Thigh Workout for a Bigger Butt - Exercises to Lift and Tone Your Butt and Thighs,afghBre8NlI,Workout,5.3,66795115,696597,https://www.youtube.com/watch?v=afghBre8NlI
Shaun T&#39;s 5-Minute Fat-Blasting Workout,-kQpTMkQo3Y,Workout,5.7,6057237,67128,https://www.youtube.com/watch?v=-kQpTMkQo3Y
5 MIN UPPER BODY WORKOUT (NO EQUIPMENT NEEDED)  |  5Î∂Ñ ÏÉÅÏ≤¥Ïö¥Îèô Î£®Ìã¥ (Í∞ÄÏä¥ Ïñ¥Íπ® Îì±),1fjeQKI-5wg,Workout,5.37,1738474,30126,https://www.youtube.com/watch?v=1fjeQKI-5wg
5 MINUTE HOME AB WORKOUT (6 PACK FOR BEGINNERS),6auB47_9Kq4,Workout,5.63,860415,17905,https://www.youtube.com/watch?v=6auB47_9Kq4
Upper Body Workout at Home - Quick Workout - 5 minute UB Blast Workout,x2Ct9HlDkEI,Workout,4.82,369327,3267,https://www.youtube.com/watch?v=x2Ct9HlDkEI
5 Minute Belly Blasting Walk!,ujGr3nrZfvQ,Workout,5.2,10185113,74483,https://www.youtube.com/watch?v=ujGr3nrZfvQ
5-Minute Warm Up for At-Home Workouts,Ks-lKvKQ8f4,Workout,5.92,5731336,60167,https://www.youtube.com/watch?v=Ks-lKvKQ8f4
Shaun T&#39;s 5-Minute Fat-Blasting Workout - Best of Oz Collection,t1rhghuWIg4,Workout,5.83,17485,374,https://www.youtube.com/watch?v=t1rhghuWIg4
[Level 3] 5 minute Abs &amp; Core workout,c6DorYn0uGQ,Workout,5.35,9901208,115260,https://www.youtube.com/watch?v=c6DorYn0uGQ
6 PACK ABS WORKOUT (Lose Belly Fat)  |  5Î∂Ñ ÏãùÏä§Ìå© Î≥µÍ∑º Ïö¥Îèô (Î≥µÎ∂ÄÏßÄÎ∞© ÌÉúÏö∞Í∏∞),tjZm34Kfpmg,Workout,5.4,3288974,52214,https://www.youtube.com/watch?v=tjZm34Kfpmg
5 MIN DAILY STRETCH - a super quick routine for every day / No Equipment I Pamela Reif,KPG1tJW8dwQ,Workout,6.23,1517515,31402,https://www.youtube.com/watch?v=KPG1tJW8dwQ
Bowflex¬Æ Bodyweight Workout | Five-Minute Holiday Season HIIT,AzxS7QJ5vjY,Workout,5.85,533101,5285,https://www.youtube.com/watch?v=AzxS7QJ5vjY
5-Minute Squat Workout for a Tight Booty,6XpGQ2EhfUQ,Workout,5.75,1330142,10818,https://www.youtube.com/watch?v=6XpGQ2EhfUQ
5-Minute Workout to Get a Flat Stomach In a Week,kXFSy-DZasQ,Workout,10.83,2827953,54585,https://www.youtube.com/watch?v=kXFSy-DZasQ
5 MIN BED TIME WORKOUT (NO EQUIPMENT BODYWEIGHT  WORKOUT!),A4Ki2SIX3b4,Workout,5.42,446975,12144,https://www.youtube.com/watch?v=A4Ki2SIX3b4
5 MINUTE SLIM THIGHS and SIDE BOOTY  üíï No Equipment Pilates workout,xr3TEHdV2Wo,Workout,7.42,1376496,19291,https://www.youtube.com/watch?v=xr3TEHdV2Wo
5 MINUTE CHEST WORKOUT(NO EQUIPMENT),_q_-adYzkh0,Workout,6.15,6249095,131659,https://www.youtube.com/watch?v=_q_-adYzkh0
5 min &quot;Wake up Happy&quot; Morning Workout Routine,iLV4swo-uhE,Workout,7.93,511444,8762,https://www.youtube.com/watch?v=iLV4swo-uhE
How to Lose Belly Fat: 5 Minute Abs,bqxxtxXWMsM,Workout,6.35,21231475,215203,https://www.youtube.com/watch?v=bqxxtxXWMsM
"5 Min Slow Workout Full Body for Beginners// NO BREAKS, NO TALKING, NO TIMER NEEDED: ONLY MUSIC!",6MxhIVg96Is,Workout,5.08,15869,265,https://www.youtube.com/watch?v=6MxhIVg96Is
Bowflex¬Æ Stretch | Five-Minute Full Body Stretch,2L2lnxIcNmo,Workout,5.55,11991447,116231,https://www.youtube.com/watch?v=2L2lnxIcNmo
"5 minute arm workout- get long, lean, toned arms",4lvwAEKGsMQ,Workout,7.3,5123611,72410,https://www.youtube.com/watch?v=4lvwAEKGsMQ
BODYWEIGHT 5 MIN MEDIUM INTENSITY WORKOUT| MEN &amp; WOMEN WORKOUT| HOME QUARANTINED WORKOUT,idl3_wvbKrg,Workout,6.53,1900885,48520,https://www.youtube.com/watch?v=idl3_wvbKrg
Fast 5 Minute Cool Down and Stretching Workout for Busy People,u5Hr3rNUZ24,Workout,4.88,6054400,33643,https://www.youtube.com/watch?v=u5Hr3rNUZ24
5-Minute PLANK Challenge | Strong Abs &amp; Core | Joanna Soh,6X1c79oyYV4,Workout,7.08,2742676,46541,https://www.youtube.com/watch?v=6X1c79oyYV4
INTENSE CARDIO WORKOUT (Burn 100 calories in 5 min!!!),pTe_t20vYHM,Workout,5.68,5276604,165060,https://www.youtube.com/watch?v=pTe_t20vYHM
5 MIN FAT BURNING MORNING ROUTINE (FOLLOW ALONG),cARRXEa-HvU,Workout,6.92,2251929,46736,https://www.youtube.com/watch?v=cARRXEa-HvU
NO GYM - FULL BODY WORKOUT (‡§ò‡§∞ ‡§™‡§∞ 5 Min ‡§ï‡§æ Best Workout) | Fit Tuber Hindi,ELUngT_-YvE,Workout,7.1,919388,50405,https://www.youtube.com/watch?v=ELUngT_-YvE
5 MIN LOWER BODY WORKOUT (NO REST TABATA) // No Equipment &amp; Fat Burning | 5Î∂Ñ ÌïòÏ≤¥ÏßÄÎ∞© Ìè≠Ìåå ÌÉÄÎ∞îÌÉÄ Ïö¥Îèô,JIQUbPqfVV4,Workout,5.37,798820,16156,https://www.youtube.com/watch?v=JIQUbPqfVV4
Intense 5 Minute Dumbbell Bicep Workout,1FN6ovYpkoM,Workout,6.32,4963548,74673,https://www.youtube.com/watch?v=1FN6ovYpkoM
Quick Workout: The 5-Minute One-Dumbbell Workout For Total-Body Toning from Women&#39;s Health,Euqli_uhd2E,Workout,6.2,344918,3394,https://www.youtube.com/watch?v=Euqli_uhd2E
5- minute easy zumba  Dance workout,Vkwy1LaxtTE,Workout,4.7,2022065,16991,https://www.youtube.com/watch?v=Vkwy1LaxtTE
5 Minute Move | Kids Workout 2 | The Body Coach TV,SbFqQarDM50,Workout,5.67,534906,2431,https://www.youtube.com/watch?v=SbFqQarDM50
5 Minute Move | Kids Workout 5 | The Body Coach TV,rN0h6EZd6TM,Workout,5.27,196737,848,https://www.youtube.com/watch?v=rN0h6EZd6TM
Intense 5 Minute At Home Bicep Workout #2,u7MVeTlDX9A,Workout,8.17,1663800,39598,https://www.youtube.com/watch?v=u7MVeTlDX9A
4-Minute Workout That Replaces 1 Hour in the Gym,FRDGlIJTVt8,Workout,8.73,19845567,431325,https://www.youtube.com/watch?v=FRDGlIJTVt8
5 Minute Flat Abs!,SHRHCJcYtvs,Workout,6.68,7546329,74345,https://www.youtube.com/watch?v=SHRHCJcYtvs
10 MIN FULL BODY WORKOUT // No Equipment | Pamela Reif,6VFLKdfxA24,Workout,10.53,4947497,65860,https://www.youtube.com/watch?v=6VFLKdfxA24
10 MINUTE FAT BURNING MORNING ROUTINE | Do this every day | Rowan Row,7KSNmziMqog,Workout,10.92,12874219,397182,https://www.youtube.com/watch?v=7KSNmziMqog
10 MINUTE MORNING WORKOUT (NO EQUIPMENT),3sEeVJEXTfY,Workout,10.52,4425897,86015,https://www.youtube.com/watch?v=3sEeVJEXTfY
10 Minute FULL BODY Workout | The Body Coach TV,KrmYjcQzSsQ,Workout,11.7,472545,5533,https://www.youtube.com/watch?v=KrmYjcQzSsQ
10 MIN MORNING WORKOUT (NO EQUIPMENT BODYWEIGHT WORKOUT!),bQKIczEj8m4,Workout,10.38,18155577,481354,https://www.youtube.com/watch?v=bQKIczEj8m4
10 MIN HIGH INTENSITY WORKOUT - burn lots of calories / No Equipment I Pamela Reif,zr08J6wB53Y,Workout,10.77,2730711,51282,https://www.youtube.com/watch?v=zr08J6wB53Y
Victoria&#39;s Secret Model Workout: 10-Minute Fat-Blasting Circuit,PWEdJRRndkQ,Workout,10.52,14492721,106894,https://www.youtube.com/watch?v=PWEdJRRndkQ
10 MIN GOOD MORNING WORKOUT - Stretch &amp; Train // No Equipment | Pamela Reif,diPRDW6CxWM,Workout,10.28,8748534,114311,https://www.youtube.com/watch?v=diPRDW6CxWM
"10-Minute No-Equipment, At-Home Cardio Workout",gUWFmn8f3H4,Workout,11.18,1246485,13422,https://www.youtube.com/watch?v=gUWFmn8f3H4
10 MIN BODYWEIGHT WORKOUT (NO EQUIPMENT HOME WORKOUT!),UoC_O3HzsH0,Workout,10.93,11883087,270381,https://www.youtube.com/watch?v=UoC_O3HzsH0
10 MIN CARDIO / No Jumping - silent &amp; neighbor friendly / No Equipment I Pamela Reif,gFeEUq2624Q,Workout,10.57,5765163,84337,https://www.youtube.com/watch?v=gFeEUq2624Q
10 MIN AB WORKOUT // No Equipment | Pamela Reif,AnYl6Nk9GOA,Workout,10.43,28685100,317034,https://www.youtube.com/watch?v=AnYl6Nk9GOA
10 Minute Cardio Dance Abs Workout: Burn to the Beat- Keaira LaShae,XTH5saFBDqA,Workout,11.3,28174943,227587,https://www.youtube.com/watch?v=XTH5saFBDqA
Killer 10 Minute Fat Burning Bodyweight Workout,_knIf9vF4k4,Workout,10.65,5743250,108985,https://www.youtube.com/watch?v=_knIf9vF4k4
10-Minute Standing Barre Core Workout,KcY7ITTDecs,Workout,12.97,1217444,17240,https://www.youtube.com/watch?v=KcY7ITTDecs
Interval Training - 10 Minute Walk at Home Routine | Fitness Videos,vu3gsiA1KLs,Workout,10.83,2665502,14997,https://www.youtube.com/watch?v=vu3gsiA1KLs
10 MIN CARDIO WORKOUT AT HOME (Equipment Free),sjmsApWcyCU,Workout,13.03,2175331,44877,https://www.youtube.com/watch?v=sjmsApWcyCU
10 MIN BEGINNER AB WORKOUT // No Equipment | Pamela Reif,1f8yoFFdkcY,Workout,10.5,23724135,320865,https://www.youtube.com/watch?v=1f8yoFFdkcY
10 MIN FULL BODY TABATA (BURNING FAT AT HOME) l 10Î∂Ñ Ï†ÑÏã† ÌÉÄÎ∞îÌÉÄ (ÏßÄÎ∞© ÌÉúÏö∞Í∏∞ ÌôàÌä∏),L1kS5I99dlM,Workout,10.4,765486,14274,https://www.youtube.com/watch?v=L1kS5I99dlM
10 Minute CARDIO BLAST | At Home Workouts,ZllXIKITzfg,Workout,10.97,2558786,24121,https://www.youtube.com/watch?v=ZllXIKITzfg
10 MINUTE MORNING WORKOUT 2.0 (NO EQUIPMENT),Tj2EqWRPIl8,Workout,10.57,186680,4113,https://www.youtube.com/watch?v=Tj2EqWRPIl8
10 Minute BRISK WALK | At Home Workouts,tVpUCkMLgms,Workout,9.8,1815423,15989,https://www.youtube.com/watch?v=tVpUCkMLgms
10 Min Morning Routine to Burn Belly Fat | No Jumping,xyR8McQnGuw,Workout,10.87,11155579,240395,https://www.youtube.com/watch?v=xyR8McQnGuw
Do This Workout Every Evening - 10 Minute Full Body To Get In Shape,agvdkRc_img,Workout,10.88,1156902,17634,https://www.youtube.com/watch?v=agvdkRc_img
10 Min Standing Abs Workout to get Ripped ABS,V4sWpLJcQoU,Workout,10.63,16330574,291246,https://www.youtube.com/watch?v=V4sWpLJcQoU
"10-Minute Workout for Teenagers | No Weights, No Jumping! | Joanna Soh",pj4TVbnIEgk,Workout,11.52,444211,11147,https://www.youtube.com/watch?v=pj4TVbnIEgk
10 MINUTE BODYWEIGHT WORKOUT (NO EQUIPMENT),ANZoU4QYiHE,Workout,10.5,348673,6498,https://www.youtube.com/watch?v=ANZoU4QYiHE
10-Minute Cardio Jump Workout to Burn Major Calories | Class FitSugar,eqjZeX3F2nA,Workout,10.75,2871556,32485,https://www.youtube.com/watch?v=eqjZeX3F2nA
10 Minute Home Workout For 6Pack Abs + Fat Burning,ofTiKY3hYdE,Workout,13.88,6764082,211965,https://www.youtube.com/watch?v=ofTiKY3hYdE
10 minute LOW IMPACT fun cardio workout. No equipment.,tYyNM9pmOlA,Workout,9.98,577372,8221,https://www.youtube.com/watch?v=tYyNM9pmOlA
10-Minute Workout to Sculpt Your Body in 2 Weeks,2DNioliqOug,Workout,14.62,8689435,228647,https://www.youtube.com/watch?v=2DNioliqOug
10 minute at HOME HIIT CARDIO workout for FAT LOSS | no equipment | Naomi Ganzu Fitness,xZeL5Jf_GHE,Workout,11.85,4245624,92638,https://www.youtube.com/watch?v=xZeL5Jf_GHE
10 MIN CALORIE KILLER / Medium Level - a HIIT workout that won&#39;t kill you I Pamela Reif,NmCXy7oMsOs,Workout,10.53,2835428,47438,https://www.youtube.com/watch?v=NmCXy7oMsOs
10 MIN BEGINNER FULL BODY WORKOUT at home no equipment | Get MADFIT with me,EMU5ERi3gg0,Workout,12.7,583447,15337,https://www.youtube.com/watch?v=EMU5ERi3gg0
10 MIN FULL BODY WORKOUT (NO EQUIPMENT BODYWEIGHT WORKOUT!),rAU7taj1g6E,Workout,10.48,248091,6490,https://www.youtube.com/watch?v=rAU7taj1g6E
10 Minute Intense Tabata-style Workout | The Body Coach,b9kswCNyDDY,Workout,10.7,363208,2855,https://www.youtube.com/watch?v=b9kswCNyDDY
10 Minute Standing ABS WORKOUT // No Equipment,Qia2ZXEzyLw,Workout,11.38,5404707,84010,https://www.youtube.com/watch?v=Qia2ZXEzyLw
10 Minute Home Ab Workout (6 PACK GUARANTEED!),uUKAYkQZXko,Workout,10.45,18877064,391004,https://www.youtube.com/watch?v=uUKAYkQZXko
10 min FULL BODY FAT BURNING HIIT (No Equipment),48tN82L4nD0,Workout,13.83,633710,13521,https://www.youtube.com/watch?v=48tN82L4nD0
10 MINUTE DAILY AT HOME WORKOUT (NO EQUIPMENT),fv3Jrs_5a2I,Workout,10.98,198113,4411,https://www.youtube.com/watch?v=fv3Jrs_5a2I
10-Minute HOME WORKOUT | No Equipment Full Body Exercise | GunjanShouts,ZnoJ4ZmdPcA,Workout,11.82,1849214,46009,https://www.youtube.com/watch?v=ZnoJ4ZmdPcA
10 Minute Beginner Low Impact Cardio Workout For Fat Loss,9H9qdpUzu4M,Workout,12.58,2659991,23659,https://www.youtube.com/watch?v=9H9qdpUzu4M
10 MIN SIXPACK WORKOUT // No Equipment | Pamela Reif,Q-vuR4PJh2c,Workout,10.38,40981165,481086,https://www.youtube.com/watch?v=Q-vuR4PJh2c
Fat Blast 10 Minute Workout | The Lean Machines | Tonic,c2aSpxlm0Mw,Workout,10.68,1015951,13155,https://www.youtube.com/watch?v=c2aSpxlm0Mw
"10 Minute Fat Burning Cardio Workout - At home, No Jumping (Quiet)",Wg6-xYyB0cg,Workout,11.63,340074,15038,https://www.youtube.com/watch?v=Wg6-xYyB0cg
10 Minute Home Workout For Seniors | The Body Coach TV,A2wp8Ipxn9s,Workout,11.18,2989335,11974,https://www.youtube.com/watch?v=A2wp8Ipxn9s
ENERGY BOOSTING FULLBODY 10 MIN WORKOUT l ÏóêÎÑàÏßÄ Î∂ÄÏä§ÌÑ∞ 10Î∂Ñ Ï†ÑÏã† Ïö¥Îèô,YiWxqUtEEUI,Workout,10.33,136307,3365,https://www.youtube.com/watch?v=YiWxqUtEEUI
10 Day Challenge - 10 Minute Workout To Lose Fat Fast,PtdOi8Y3oRQ,Workout,10.33,192762,3760,https://www.youtube.com/watch?v=PtdOi8Y3oRQ
10-Minute Tabata Workout to Sweat Away Stress,SCOoZqNcXLM,Workout,11.7,760694,8102,https://www.youtube.com/watch?v=SCOoZqNcXLM
Beginner/Low Impact 10 Minute Workout,g-D7ncAC9rQ,Workout,10.33,122537,1666,https://www.youtube.com/watch?v=g-D7ncAC9rQ
5 Stretches At Your Desk (Without Getting Up),nFIfv-jIgbI,Stretch,5.93,7482,159,https://www.youtube.com/watch?v=nFIfv-jIgbI
Stretch Breaks at Your Desk (2018),vE1idGTZOIY,Stretch,1.98,100132,922,https://www.youtube.com/watch?v=vE1idGTZOIY
Real Time Desk Exercises &amp; Stretches - Ask Doctor Jo,CAq9vV7gkrs,Stretch,11.12,14159,226,https://www.youtube.com/watch?v=CAq9vV7gkrs
Easy At-Work Stretches for Neck Pain and Back Pain,XkT7jxFfPHA,Stretch,3.47,58958,717,https://www.youtube.com/watch?v=XkT7jxFfPHA
Physio Upper Back Stretch &amp; Relieve Desk Break Routine,TMDX7hdQKSY,Stretch,5.87,73355,1163,https://www.youtube.com/watch?v=TMDX7hdQKSY
Stretch at your desk,KBaSGF6kYqw,Stretch,3.07,9292,33,https://www.youtube.com/watch?v=KBaSGF6kYqw
Desk Exercises &amp; Stretches for Computer Users,db00TEhg9_c,Stretch,3.42,15879,526,https://www.youtube.com/watch?v=db00TEhg9_c
Quick and Easy Stretches To Do While Sitting at Your Desk,BdfTuxdfIE8,Stretch,5.32,56620,1320,https://www.youtube.com/watch?v=BdfTuxdfIE8
DAILY DESK STRETCHES - Stretches to do at your desk to prevent pain | Dr. LA Thoma Gustin,vBQkySm333k,Stretch,10.08,25894,1047,https://www.youtube.com/watch?v=vBQkySm333k
6 Best Stretches &amp; Exercises To FIX Desk Posture  | Get Rid Of Neck &amp; Back Pain,_poD7UcGqOk,Stretch,8.38,49422,1676,https://www.youtube.com/watch?v=_poD7UcGqOk
Deskercise -  Lower Back and Torso Stretches,5M-b1c2spPE,Stretch,2.17,68524,566,https://www.youtube.com/watch?v=5M-b1c2spPE
"10 Stretches Every Office Worker Should Do Daily For Neck, Shoulder, Arm, Wrist, &amp; Back Pain.",w1INfs260DY,Stretch,10.75,19882,549,https://www.youtube.com/watch?v=w1INfs260DY
Deskercise - Neck and Shoulder Stretches,5lbe9oZbpDs,Stretch,1.88,56638,247,https://www.youtube.com/watch?v=5lbe9oZbpDs
Yoga at Your Desk,tAUf7aajBWE,Stretch,6.4,1349386,15579,https://www.youtube.com/watch?v=tAUf7aajBWE
Desk stretches to reduce pain and discomfort,h40hScXJo20,Stretch,1.68,1322,1,https://www.youtube.com/watch?v=h40hScXJo20
"Desk Exercises at Work - 10 Minute Desk Stretches For Energy, Posture and Flexibility!",vRQdJQ3Xhzk,Stretch,8.23,15043,190,https://www.youtube.com/watch?v=vRQdJQ3Xhzk
Relieve Neck Pain &amp; Tension at Your Desk - Daily Physio Routine,FRNtLrMf-1A,Stretch,6.8,293045,3499,https://www.youtube.com/watch?v=FRNtLrMf-1A
Stretches you can do at your desk,YdAWmcbyuPU,Stretch,1.83,6885,24,https://www.youtube.com/watch?v=YdAWmcbyuPU
Desk Exercises - Leg Stretches,hSbL8rDPpQM,Stretch,2.15,388,2,https://www.youtube.com/watch?v=hSbL8rDPpQM
Yoga At Your Desk - 10 Min Office Yoga Stretches - Chair Yoga for Everyone - Yoga At Work,w3C08dhJ_SM,Stretch,11.87,105762,1037,https://www.youtube.com/watch?v=w3C08dhJ_SM
How to Stretch your Lower back at your desk,-pqfd-g7rIM,Stretch,5.38,43264,410,https://www.youtube.com/watch?v=-pqfd-g7rIM
DESKERCISES! || Full stretching routine while at a desk,cL9YO7pw1GY,Stretch,6.03,344,11,https://www.youtube.com/watch?v=cL9YO7pw1GY
5 Best Stretches You Can Do At Your Desk For Neck And Back Pain,7Gb_i8wG9kg,Stretch,6.85,7451,666,https://www.youtube.com/watch?v=7Gb_i8wG9kg
Stretches at your desk 1 - Hips,vAsNz_BRgv8,Stretch,3.95,5457,40,https://www.youtube.com/watch?v=vAsNz_BRgv8
Shoulder and Arm Stretches you can do Sitting At Your Office Desk for energy,1XkvW56LJ3c,Stretch,4.17,5242,104,https://www.youtube.com/watch?v=1XkvW56LJ3c
How to Stretch at Your Desk,Sy_lLu7bDPk,Stretch,1.62,2065,4,https://www.youtube.com/watch?v=Sy_lLu7bDPk
LivingWell: Desk Wrist Stretch,rAxJT59Cp5I,Stretch,1.02,3650,1,https://www.youtube.com/watch?v=rAxJT59Cp5I
Yoga Moves to Relieve Tension in the Neck &amp; Shoulders,faf_CS4Z0yc,Stretch,4.08,1070512,14566,https://www.youtube.com/watch?v=faf_CS4Z0yc
12 Stretches To Improve Back Pain At Your Desk,E9rzpfRqTHs,Stretch,7.5,2855,46,https://www.youtube.com/watch?v=E9rzpfRqTHs
Office Break Yoga  |  14 Min. Yoga Practice  |  Yoga With Adriene,M-8FvC3GD8c,Stretch,14.33,713595,13132,https://www.youtube.com/watch?v=M-8FvC3GD8c
3 Stretches to do at Your Desk,l__qRIl_E2w,Stretch,2.65,1979,6,https://www.youtube.com/watch?v=l__qRIl_E2w
10 Minute Standing Stretches | Pilates at Your Desk,iz-IXKMF0G4,Stretch,10.18,6113,96,https://www.youtube.com/watch?v=iz-IXKMF0G4
4-Minute Neck and Shoulders Stretch at Your Desk | Yoga | Gaiam,vLPfP1oRJFM,Stretch,3.95,426302,3031,https://www.youtube.com/watch?v=vLPfP1oRJFM
5-Minute Break - Office Yoga,6fnLKyRJsrs,Stretch,6.08,146538,1561,https://www.youtube.com/watch?v=6fnLKyRJsrs
Stretches At Your Desk,QPaeI8tkXHI,Stretch,7.08,20681,315,https://www.youtube.com/watch?v=QPaeI8tkXHI
Amazing 2 Minute Stretch at Your Desk: Stay Alert and Productive!,QRCWZKmHGiU,Stretch,8.5,8063,503,https://www.youtube.com/watch?v=QRCWZKmHGiU
Desk Workers Stretching Routine! (FOLLOW ALONG),qtCazM9a40s,Stretch,12.07,23967,964,https://www.youtube.com/watch?v=qtCazM9a40s
Neck Pain Stretches &amp; Exercises - Ask Doctor Jo,2NOsE-VPpkE,Stretch,4.93,3428207,36018,https://www.youtube.com/watch?v=2NOsE-VPpkE
Soothing Neck Stretches You Can Do At Your Desk,KtoQLAWm_wc,Stretch,3.23,3145,51,https://www.youtube.com/watch?v=KtoQLAWm_wc
2 Minute Neck Stretch While Sitting at Your desk,i2eaupGNp0s,Stretch,2.63,4661,222,https://www.youtube.com/watch?v=i2eaupGNp0s
Lower Back Stretches You Can Do At Your Desk,TjUy2hPPktg,Stretch,3.73,13711,207,https://www.youtube.com/watch?v=TjUy2hPPktg
quadratus lumborum stretch - best quadratus lumborum exercise while sitting at your desk,Oia7X33eQBs,Stretch,3.5,33133,370,https://www.youtube.com/watch?v=Oia7X33eQBs
3 Chair Stretches for Lower Back Pain | Stretch at Your Desk,Se3kf5X4PCc,Stretch,2.05,2106,29,https://www.youtube.com/watch?v=Se3kf5X4PCc
Get Stretched feat. Stretch*d: Best Desk Stretches,2UcvjZJY5IM,Stretch,2.5,2729,17,https://www.youtube.com/watch?v=2UcvjZJY5IM
Mayo Clinic Minute: The importance of stretching throughout your workday,XOIqLNElikI,Stretch,1.0,2035,58,https://www.youtube.com/watch?v=XOIqLNElikI
Exercise at Your Desk -  Neck Stretch and Spine Stretch - BackandNeck.ca,wJQ56cO4p6k,Stretch,1.57,10074,2,https://www.youtube.com/watch?v=wJQ56cO4p6k
Yoga At Your Desk  //  Stretches For Your Neck And Shoulders,yuG1jqluLbM,Stretch,8.1,171,22,https://www.youtube.com/watch?v=yuG1jqluLbM
De-stress at Your Desk with a 5-Minute Stretching Routine,R86jwm1HIvk,Stretch,6.88,4016,0,https://www.youtube.com/watch?v=R86jwm1HIvk
10 easy stretches you can do at your desk,EAWVqB04aBg,Stretch,2.38,6876,27,https://www.youtube.com/watch?v=EAWVqB04aBg
Desk exercises,Lg8PFfd85ts,Stretch,3.3,93981,860,https://www.youtube.com/watch?v=Lg8PFfd85ts
Stretch Breaks at Your Desk (2018),vE1idGTZOIY,Stretch,1.98,100132,922,https://www.youtube.com/watch?v=vE1idGTZOIY
Relaxing Stretching Workout for Stiff Muscles &amp; Stress Relief - Easy Stretches to Do at Work,a9WC_eLmP30,Stretch,6.07,2173575,15329,https://www.youtube.com/watch?v=a9WC_eLmP30
7 office stretching exercises to get energized at work!,9U0dLLf1HQE,Stretch,6.12,221951,1456,https://www.youtube.com/watch?v=9U0dLLf1HQE
Stretch at your desk,KBaSGF6kYqw,Stretch,3.07,9292,33,https://www.youtube.com/watch?v=KBaSGF6kYqw
Real Time Full Body Stretching Routine - Ask Doctor Jo,JJAHGpe0AVU,Stretch,37.85,976488,8306,https://www.youtube.com/watch?v=JJAHGpe0AVU
Physio Upper Back Stretch &amp; Relieve Desk Break Routine,TMDX7hdQKSY,Stretch,5.87,73355,1163,https://www.youtube.com/watch?v=TMDX7hdQKSY
Office Stretching Routine - Ask Doctor Jo,Oo_43Rrg23U,Stretch,18.87,3137,95,https://www.youtube.com/watch?v=Oo_43Rrg23U
Bowflex¬Æ Stretch | Five-Minute Full Body Stretch,2L2lnxIcNmo,Stretch,5.55,11991447,116231,https://www.youtube.com/watch?v=2L2lnxIcNmo
Office Workers Guide to Stretching and Ergonomics,hzUStg_pGBE,Stretch,0.92,1861,14,https://www.youtube.com/watch?v=hzUStg_pGBE
How to Stretch your Lower back at your desk,-pqfd-g7rIM,Stretch,5.38,43264,410,https://www.youtube.com/watch?v=-pqfd-g7rIM
Bowflex¬Æ Stretch | 3 Stretches for People Who Sit All Day,KBdF1JUGKE0,Stretch,2.27,274561,4235,https://www.youtube.com/watch?v=KBdF1JUGKE0
5 Minute Office Stretch Break,EG2fEkO4X1w,Stretch,6.27,39254,196,https://www.youtube.com/watch?v=EG2fEkO4X1w
Post-Workout Stretching: Best Stretches to Relax the Muscles,Ji9vKgfWK88,Stretch,10.62,1417664,18457,https://www.youtube.com/watch?v=Ji9vKgfWK88
Relaxing Stretching Routine - Great After Long Day of Work,h3cIrEwbcDM,Stretch,12.25,61164,1450,https://www.youtube.com/watch?v=h3cIrEwbcDM
4 Best Lower Back Pain Stretching Exercises while Standing,Bu4EuPsrdvQ,Stretch,4.98,41535,419,https://www.youtube.com/watch?v=Bu4EuPsrdvQ
How to Stretch at Your Desk,Sy_lLu7bDPk,Stretch,1.62,2065,4,https://www.youtube.com/watch?v=Sy_lLu7bDPk
Desk Workers Stretching Routine! (FOLLOW ALONG),qtCazM9a40s,Stretch,12.07,23967,964,https://www.youtube.com/watch?v=qtCazM9a40s
Exercise at Your Desk -  Neck Stretch and Spine Stretch - BackandNeck.ca,wJQ56cO4p6k,Stretch,1.57,10074,2,https://www.youtube.com/watch?v=wJQ56cO4p6k
Stretching Exercises Tips For Those Who Work Sitting Down,81PBH6KpxMk,Stretch,2.08,3845,25,https://www.youtube.com/watch?v=81PBH6KpxMk
2 Minute Neck Stretch While Sitting at Your desk,i2eaupGNp0s,Stretch,2.63,4661,222,https://www.youtube.com/watch?v=i2eaupGNp0s
Mayo Clinic Minute: The importance of stretching throughout your workday,XOIqLNElikI,Stretch,1.0,2035,58,https://www.youtube.com/watch?v=XOIqLNElikI
"15 MIN DAILY STRETCH - a full body routine for tight muscles, flexibility &amp; mobility I Pamela Reif",_IoYLhrTBqY,Stretch,17.15,4174127,62108,https://www.youtube.com/watch?v=_IoYLhrTBqY
quadratus lumborum stretch - best quadratus lumborum exercise while sitting at your desk,Oia7X33eQBs,Stretch,3.5,33133,370,https://www.youtube.com/watch?v=Oia7X33eQBs
Amazing 2 Minute Stretch at Your Desk: Stay Alert and Productive!,QRCWZKmHGiU,Stretch,8.5,8063,503,https://www.youtube.com/watch?v=QRCWZKmHGiU
Total Body Stretching Warm-Up,sTxC3J3gQEU,Stretch,9.22,1611167,18649,https://www.youtube.com/watch?v=sTxC3J3gQEU
Best Exercise for Buttock Pain (Piriformis Stretch),bFV0LAKzIDA,Stretch,1.52,131044,1008,https://www.youtube.com/watch?v=bFV0LAKzIDA
Exercises to prevent back pain: standing hip flexor stretch,5w_WRPqYZW4,Stretch,1.17,4882,30,https://www.youtube.com/watch?v=5w_WRPqYZW4
Full Body Stretching Routine (15 min. Follow Along),E2SOrScNbww,Stretch,15.95,1221003,36397,https://www.youtube.com/watch?v=E2SOrScNbww
20 Minute Standing Stretch Flow | 30 Day At Home Workout Challenge Day 5,hCqrYHX4F8Y,Stretch,22.98,45100,2116,https://www.youtube.com/watch?v=hCqrYHX4F8Y
Leg &amp; Butt Exercises While Working at a Desk : Exercising &amp; Stretching,JBqu7Xjz1uk,Stretch,1.22,24667,192,https://www.youtube.com/watch?v=JBqu7Xjz1uk
Sternocleidomastoid Stretch (SCM) for Posture Correction,dxj12Qk5v28,Stretch,4.0,85303,1446,https://www.youtube.com/watch?v=dxj12Qk5v28
Low back / Sciatica Stretch you can do at home or at work PART TWO,30dP55A9Rr4,Stretch,1.43,15993,71,https://www.youtube.com/watch?v=30dP55A9Rr4
Stretching Workout | Workout @ Work with Jessie Pavelka and BMI Healthcare,N6XTVxXACkA,Stretch,3.87,1379,13,https://www.youtube.com/watch?v=N6XTVxXACkA
Low Back / Sciatic Relief Stretch You Can Do At Home Or Work,tic5qNZMIMM,Stretch,2.13,38431,169,https://www.youtube.com/watch?v=tic5qNZMIMM
Stop Stretching Your Hip Flexors! (HERE&#39;S WHY),KCADorwJ6Ik,Stretch,8.13,3103437,78724,https://www.youtube.com/watch?v=KCADorwJ6Ik
How to relax the TFL if stretching doesn&#39;t work,DPoMgw5pMMk,Stretch,5.52,93520,1642,https://www.youtube.com/watch?v=DPoMgw5pMMk
De-stress at Your Desk with a 5-Minute Stretching Routine,R86jwm1HIvk,Stretch,6.88,4016,0,https://www.youtube.com/watch?v=R86jwm1HIvk
7 MIN STRETCHING EXERCISES AFTER WORKOUT | FULL BODY COOL DOWN FOR RELAXATION &amp; FLEXIBILITY,FlAvRcz0zuY,Stretch,7.15,1191014,14541,https://www.youtube.com/watch?v=FlAvRcz0zuY
How to stretch before running,E3bioKpFgFA,Stretch,3.7,1994615,35363,https://www.youtube.com/watch?v=E3bioKpFgFA
"I&#39;ve Been Stretching 10 Mins for 30 Days, and Here&#39;s How My Body&#39;s Changed",rFslT04zu6A,Stretch,8.9,1671442,29056,https://www.youtube.com/watch?v=rFslT04zu6A
The Full Body Stretch (5 Min),pH6KMX0V7d0,Stretch,6.08,304912,6965,https://www.youtube.com/watch?v=pH6KMX0V7d0
"8-Minute Standing Total Full Body Stretch, Stretching Exercises You Can Do Off the Floor",zyKuF5saEnM,Stretch,9.28,158926,2421,https://www.youtube.com/watch?v=zyKuF5saEnM
Shoulder Stretch to Fix Your Shoulders (GET DEEP!),J9yRiOeVvIM,Stretch,6.83,3352014,61291,https://www.youtube.com/watch?v=J9yRiOeVvIM
"15 Min. Full Body Stretch | Daily Routine for Flexibility, Mobility &amp; Relaxation | DAY 7",g_tea8ZNk5A,Stretch,16.55,2335353,44801,https://www.youtube.com/watch?v=g_tea8ZNk5A
Stretching is KILLING Your Gains (BIG MISTAKE!),nLQefKzMVjo,Stretch,6.75,2343037,47558,https://www.youtube.com/watch?v=nLQefKzMVjo
Physio Neck Exercises Stretch and Relieve Routine (UPDATE),dY_af1ew5b0,Stretch,5.9,130051,3114,https://www.youtube.com/watch?v=dY_af1ew5b0
Fast 5 Minute Cool Down and Stretching Workout for Busy People,u5Hr3rNUZ24,Stretch,4.88,6054400,33643,https://www.youtube.com/watch?v=u5Hr3rNUZ24
Physio Med - Neck and Upper Back Stretching Exercises: Occupational Physiotherapy,5EvVD-b_b_o,Stretch,8.47,127939,1075,https://www.youtube.com/watch?v=5EvVD-b_b_o
Physio Neck Exercises Stretch &amp; Relieve Routine,yt3CpkmFAfc,Stretch,5.17,3752515,41240,https://www.youtube.com/watch?v=yt3CpkmFAfc
Stretching for Older Adults - Legs &amp; Lower Back,YZbIkTSZoeM,Stretch,2.77,161110,940,https://www.youtube.com/watch?v=YZbIkTSZoeM
The 5 Minute Desk Workout | Fitness,eR1AWOp6t30,Workout,5.62,34544,204,https://www.youtube.com/watch?v=eR1AWOp6t30
Office workout 5 minute cardio,twYEHPPmr94,Workout,6.08,15301,129,https://www.youtube.com/watch?v=twYEHPPmr94
5 minute office fitness routine | Follow along,d0ML2LSpH08,Workout,7.62,875,62,https://www.youtube.com/watch?v=d0ML2LSpH08
5 minute office workout,ohTPOMZ9JB0,Workout,6.28,1412,8,https://www.youtube.com/watch?v=ohTPOMZ9JB0
Office Based Workout | Nuffield Health,Lqw2u3vHHos,Workout,4.13,41720,180,https://www.youtube.com/watch?v=Lqw2u3vHHos
5-Minute Break - Office Yoga,6fnLKyRJsrs,Workout,6.08,146538,1561,https://www.youtube.com/watch?v=6fnLKyRJsrs
5 Stretches At Your Desk (Without Getting Up),nFIfv-jIgbI,Workout,5.93,7482,159,https://www.youtube.com/watch?v=nFIfv-jIgbI
25 MUST-KNOW EXERCISES TO DO IN THE OFFICE,iXKDozrYA_0,Workout,10.85,9122,149,https://www.youtube.com/watch?v=iXKDozrYA_0
5 Minute Cardio Office Workout,FE2hR90UFho,Workout,3.28,3941,31,https://www.youtube.com/watch?v=FE2hR90UFho
5 Min Office Workout Exercises  Quick Office Workout Routine | LEVEL 2,PWHmEYkpSg8,Workout,6.57,117,2,https://www.youtube.com/watch?v=PWHmEYkpSg8
Fast 3 Minute Office Workout,QgvU0rCe7S0,Workout,3.15,4028,39,https://www.youtube.com/watch?v=QgvU0rCe7S0
5 Minute Office Stretch Break,EG2fEkO4X1w,Workout,6.27,39254,196,https://www.youtube.com/watch?v=EG2fEkO4X1w
5 Minute Easy Office Exercise Routine For Women - POPxo,3Ul_5OzuLDo,Workout,1.88,23752,235,https://www.youtube.com/watch?v=3Ul_5OzuLDo
Relaxing Stretching Workout for Stiff Muscles &amp; Stress Relief - Easy Stretches to Do at Work,a9WC_eLmP30,Workout,6.07,2173575,15329,https://www.youtube.com/watch?v=a9WC_eLmP30
Office Workout: 5 minute Tai Chi,jGzLAVWvEFQ,Workout,5.92,18323,139,https://www.youtube.com/watch?v=jGzLAVWvEFQ
Relaxing 5 Minute Office Stretch Workout -Easy Stretches To Do At Work.,BO2YOk4817s,Workout,7.05,3156,28,https://www.youtube.com/watch?v=BO2YOk4817s
Office Yoga: 5 Minute Breathing Exercise You Can Do At Work,g75qATh3U00,Workout,4.63,5434,25,https://www.youtube.com/watch?v=g75qATh3U00
"5 Minute Office Workout | Legs, Glutes &amp; Chest",65sO-Fe8M5Q,Workout,4.87,1114,9,https://www.youtube.com/watch?v=65sO-Fe8M5Q
5 Minute Office Yoga Workout,3WEIu2rlXnQ,Workout,6.88,37645,176,https://www.youtube.com/watch?v=3WEIu2rlXnQ
5-MINUTE SEATED DESK WORKOUT!,O2-E0pEze84,Workout,5.6,196,3,https://www.youtube.com/watch?v=O2-E0pEze84
5 Min Office Workout   - Full Body,q9UhiFLu720,Workout,1.93,591,4,https://www.youtube.com/watch?v=q9UhiFLu720
5 Minute Abs Desk Workout | Exercises For a Flat Belly,5zjZIHsHuDI,Workout,6.42,36865,1257,https://www.youtube.com/watch?v=5zjZIHsHuDI
5 Minute Desk Chair Workout--Get Moving During Your Work Day!,oPjdR-yU0PQ,Workout,7.18,6661,81,https://www.youtube.com/watch?v=oPjdR-yU0PQ
Instant Recess: 5-Minute Physical Activity Break,tMuZ0_-Y7n4,Workout,5.75,43462,99,https://www.youtube.com/watch?v=tMuZ0_-Y7n4
10 Min Office Workout Exercises - Quick Office Workout Routine - 1 workout a day,M_heu5pg2IQ,Workout,10.47,99279,0,https://www.youtube.com/watch?v=M_heu5pg2IQ
5 Minute Home Office Workout: Home Stretch 03,mUn-QBbtvR0,Workout,6.72,141,3,https://www.youtube.com/watch?v=mUn-QBbtvR0
5 MINUTES HOME OFFICE WORKOUT,NViky1wr7yQ,Workout,7.7,183,11,https://www.youtube.com/watch?v=NViky1wr7yQ
The 5 Minute Office Workout,yDLDaZMlw_I,Workout,4.37,2966,5,https://www.youtube.com/watch?v=yDLDaZMlw_I
Office Workout - 5 Min Cardio,BX4aQaQ_kGM,Workout,8.42,60,2,https://www.youtube.com/watch?v=BX4aQaQ_kGM
10 Minute Exercises at Work  - 10 Min Office Workout Exercises - Quick Office Workout Routine,mH3AzNyPalY,Workout,9.75,12425,0,https://www.youtube.com/watch?v=mH3AzNyPalY
15 minute office workout,V0AK_EsG_AA,Workout,2.1,1399,16,https://www.youtube.com/watch?v=V0AK_EsG_AA
Desk exercises,Lg8PFfd85ts,Workout,3.3,93981,860,https://www.youtube.com/watch?v=Lg8PFfd85ts
5 Minute Office Yoga Routine,XgUdRVQ34Tc,Workout,5.08,2372,87,https://www.youtube.com/watch?v=XgUdRVQ34Tc
Shoulder Pain Relief Stretches ‚Äì 5 Minute Real Time Routine,6jHsraw2NIk,Workout,8.08,1158488,27238,https://www.youtube.com/watch?v=6jHsraw2NIk
5 Min Desk Workout,E9f89q7qR_Q,Workout,5.95,4168,46,https://www.youtube.com/watch?v=E9f89q7qR_Q
DexFit: 5 Minute Office Stretch Routine,I6YT9h_E8DE,Workout,6.05,18569,86,https://www.youtube.com/watch?v=I6YT9h_E8DE
Office Cardio Workout ‚úè Office Workout 5 Minute Cardio,HfgNhNLBoTY,Workout,8.77,238,4,https://www.youtube.com/watch?v=HfgNhNLBoTY
Quick Office Workout - Quick 5 Minute Office Workout Routine,yyOpxurp95c,Workout,8.1,4025,6,https://www.youtube.com/watch?v=yyOpxurp95c
Office Workout (10 Minutes),OzfXqTpYUcg,Workout,9.55,22609,110,https://www.youtube.com/watch?v=OzfXqTpYUcg
Physio Neck Exercises Stretch &amp; Relieve Routine,yt3CpkmFAfc,Workout,5.17,3752515,41240,https://www.youtube.com/watch?v=yt3CpkmFAfc
5 minute office mobility,7NULOKtKucA,Workout,6.08,114,2,https://www.youtube.com/watch?v=7NULOKtKucA
5 MINUTE WORKOUT ANYWHERE,R4EKj2kiHWo,Workout,1.07,12759,156,https://www.youtube.com/watch?v=R4EKj2kiHWo
Quick Office Standing Stretches 5 Min. Upper/Lower Body Workout at Work,BsxBfhs0Qjc,Workout,5.27,5133,65,https://www.youtube.com/watch?v=BsxBfhs0Qjc
3-Minute Office Workouts,pHDmY_F6WLM,Workout,3.42,2030,5,https://www.youtube.com/watch?v=pHDmY_F6WLM
Desk Workout - 5 Minute Office Fitness &amp; Computer Workout w/ Jake Mace!,puJjT3DsP88,Workout,5.53,7762,258,https://www.youtube.com/watch?v=puJjT3DsP88
Take 5 Yoga Break!  |   Yoga Quickies  |  Yoga With Adriene,nQFf38xeBww,Workout,6.07,575027,11138,https://www.youtube.com/watch?v=nQFf38xeBww
"Energizing Seated STRETCH | Warm Up, Cool Down or Desk Break Workout | 5 Minute Friday FIX",SCoYPfYJPyI,Workout,6.73,10773,213,https://www.youtube.com/watch?v=SCoYPfYJPyI
5 Minute Office Break Workout Routine.wmv,ulNmLKfdKdo,Workout,5.72,5150,27,https://www.youtube.com/watch?v=ulNmLKfdKdo
10 MINUTE OFFICE WORKOUT #1,5ocxhP2CFEY,Workout,16.57,993,49,https://www.youtube.com/watch?v=5ocxhP2CFEY
Yoga at Your Desk,tAUf7aajBWE,Workout,6.4,1349386,15579,https://www.youtube.com/watch?v=tAUf7aajBWE
5 Minute Guided Meditation for Gratitude / Mindful Movement,OCorElLKFQE,Meditation,5.95,678789,10212,https://www.youtube.com/watch?v=OCorElLKFQE
5 Minute Guided Meditation | Quick 5 Minute Meditation to Relax and Recharge by Breethe.,8Xdwr4cRTVA,Meditation,5.98,326683,3672,https://www.youtube.com/watch?v=8Xdwr4cRTVA
5-Minute Meditation You Can Do Anywhere,inpok4MKVLM,Meditation,5.28,4806981,112742,https://www.youtube.com/watch?v=inpok4MKVLM
5 Minute Stress Relief Guided Meditation,L1QOh-n-eus,Meditation,5.02,426745,4993,https://www.youtube.com/watch?v=L1QOh-n-eus
"5 Minute Guided Morning Mindfulness Meditation - Focused, Calm, and Centered",n9ja1Wqkp1U,Meditation,6.2,102189,3155,https://www.youtube.com/watch?v=n9ja1Wqkp1U
5 Minute Guided Meditation For Positive Energy &amp; Thinking,z_4B2HGwh1A,Meditation,5.8,138759,3375,https://www.youtube.com/watch?v=z_4B2HGwh1A
5 MINUTE Calming Meditation (With Guiding Voice),i50ZAs7v9es,Meditation,5.42,3828998,34326,https://www.youtube.com/watch?v=i50ZAs7v9es
Mindfulness Guided Meditation - 5 Minutes,dEzbdLn2bJc,Meditation,5.33,1887711,12455,https://www.youtube.com/watch?v=dEzbdLn2bJc
5 Minute Quick Anxiety Reduction - Guided Mindfulness Meditation,MR57rug8NsM,Meditation,5.48,1258595,14899,https://www.youtube.com/watch?v=MR57rug8NsM
5 Minute Guided Meditation | The Future YOU,HHlXMt82P_E,Meditation,5.67,20060,863,https://www.youtube.com/watch?v=HHlXMt82P_E
5 MINUTE Guided Meditation ‡´ê  PEACE &amp; CLARITY,uPahMgtxnR0,Meditation,5.8,34162,814,https://www.youtube.com/watch?v=uPahMgtxnR0
Mindful Breathing Meditation (5 Minutes),nmFUDkj1Aq0,Meditation,5.38,1096745,8692,https://www.youtube.com/watch?v=nmFUDkj1Aq0
5 Minute Guided Meditation to Kickstart Your Morning,X_zPXQ-8D64,Meditation,5.97,178920,3230,https://www.youtube.com/watch?v=X_zPXQ-8D64
5 MINUTE Calming Meditation (With Guiding Voice) 2019 Edition,0QOuuGj_9_4,Meditation,5.32,70508,1085,https://www.youtube.com/watch?v=0QOuuGj_9_4
Short 5 Minute Guided Meditation for Mindfulness,WUASVHlfXeI,Meditation,5.83,7642,286,https://www.youtube.com/watch?v=WUASVHlfXeI
Guided Morning Meditation to Start The Day | 5 Minute Guided Meditation | ChriskaYoga,bw9tZmGneCs,Meditation,5.92,22850,466,https://www.youtube.com/watch?v=bw9tZmGneCs
Relax - A 5 Minute Guided Meditation for Deep Relaxation and Stress Relief,lUJ3nl7N35Q,Meditation,5.4,32868,218,https://www.youtube.com/watch?v=lUJ3nl7N35Q
LOVE YOURSELF! 5-Minute Power-Meditation (Guided Visualization),KD6Zr1V5CzQ,Meditation,4.95,41815,1411,https://www.youtube.com/watch?v=KD6Zr1V5CzQ
5 Minute Guided Meditation for Inner Peace and Calm,C7xRuGVfTPU,Meditation,6.18,6876,0,https://www.youtube.com/watch?v=C7xRuGVfTPU
5 MINUTE Calming Meditation (With Guiding Voice) - 2017 Updated Version,vsjeQ6Xf8_Y,Meditation,5.18,121127,1337,https://www.youtube.com/watch?v=vsjeQ6Xf8_Y
5 Minute Guided Meditation for Inner ‚ú®Peace and Calm‚ú®,THKdf2mY0zI,Meditation,5.33,185978,1900,https://www.youtube.com/watch?v=THKdf2mY0zI
5 Minute Guided Meditation for Letting Go of Everything! Resolve Old Issues (POWERFUL SCRIPT),MjEUHy6M2o4,Meditation,6.23,5483,227,https://www.youtube.com/watch?v=MjEUHy6M2o4
"5 Minute Guided Meditation for Gratitude, Positivity &amp; Abundance",uEwppoJVfEs,Meditation,5.75,8241,251,https://www.youtube.com/watch?v=uEwppoJVfEs
5 min Guided Morning Meditation with Positive Affirmations,ZizK2yBnncM,Meditation,7.68,702735,13723,https://www.youtube.com/watch?v=ZizK2yBnncM
5 MINUTE GUIDED MEDITATION - Reduce Anxiety &amp; Stress Quickly,XU3vuO7M3a4,Meditation,5.62,146015,552,https://www.youtube.com/watch?v=XU3vuO7M3a4
Gratitude Meditation (Strengthen Happiness),UhF8vLesRRc,Meditation,5.52,169196,1732,https://www.youtube.com/watch?v=UhF8vLesRRc
5 Minute Guided Meditation for Stress Relief,GEkJMRDhvsw,Meditation,6.4,308084,2370,https://www.youtube.com/watch?v=GEkJMRDhvsw
5 Minute Guided Meditation For Relaxation | Calming Work Break Meditation,UV3TQViKSck,Meditation,5.23,7099,129,https://www.youtube.com/watch?v=UV3TQViKSck
Five Minute Mindful Breathing,I-SFdhVwrVA,Meditation,5.02,211871,2232,https://www.youtube.com/watch?v=I-SFdhVwrVA
5-minute Guided Meditation for Self-Love and Self-Compassion ‚ù§Ô∏è üòå,vrgLjLAG9mY,Meditation,4.6,22655,450,https://www.youtube.com/watch?v=vrgLjLAG9mY
Guided Meditation For Positive Energy 5 Minutes Quick Meditation To Start Your Day,GnMlxTyio-U,Meditation,5.18,1673,59,https://www.youtube.com/watch?v=GnMlxTyio-U
Simple 5 Minute Guided Meditation,7pBUi-sfLRg,Meditation,6.95,21132,212,https://www.youtube.com/watch?v=7pBUi-sfLRg
5 min clearing morning Guided meditation for positivity and grounding,s9b2y3Mg2n8,Meditation,5.55,1059800,16658,https://www.youtube.com/watch?v=s9b2y3Mg2n8
5 Min Guided Meditation Body Scan,dsmfIAyiois,Meditation,4.95,187107,933,https://www.youtube.com/watch?v=dsmfIAyiois
CALM &amp; RELAX | 5 Minute Guided Meditation | Stay Calm!,vRAtVGplDUA,Meditation,6.13,13243,81,https://www.youtube.com/watch?v=vRAtVGplDUA
5 Min Guided Meditation for Anxiety Relief | Relaxing Yoga Meditation | ChriskaYoga,zuOIrc2l6yE,Meditation,5.65,1669,41,https://www.youtube.com/watch?v=zuOIrc2l6yE
5 Minute Guided Meditation for Gratitude / Voice Only Meditation / Mindful Movement,niYf1Uzb-OQ,Meditation,5.95,9232,231,https://www.youtube.com/watch?v=niYf1Uzb-OQ
Guided Mindfulness Meditation- 5 minutes of Relaxation,JGZhGkfm9BQ,Meditation,7.07,72274,332,https://www.youtube.com/watch?v=JGZhGkfm9BQ
5 Minute Breathing Exercise - Guided Mindfulness Meditation 4K - Calming anxiety reduction,TXNECaIJPDI,Meditation,5.82,10186,270,https://www.youtube.com/watch?v=TXNECaIJPDI
5 Minute Mindfulness Meditation,erj8eaD_OmM,Meditation,7.6,186995,2983,https://www.youtube.com/watch?v=erj8eaD_OmM
Simple 5-Minute Guided Meditation For Beginners,Q-L2ZKYMsag,Meditation,4.53,127501,1227,https://www.youtube.com/watch?v=Q-L2ZKYMsag
The Five Minute Miracle - Daily Guided Meditation,utfw-rJUvy4,Meditation,5.57,2537747,14011,https://www.youtube.com/watch?v=utfw-rJUvy4
5-minute Guided Meditation | Gratitude &amp; Confidence,hDYu1mFE6AE,Meditation,4.52,18007,423,https://www.youtube.com/watch?v=hDYu1mFE6AE
Guided Meditation For Self Love and Healing 5 Minute Guided Power Meditation,RUrHSgw1D6c,Meditation,5.52,2787,87,https://www.youtube.com/watch?v=RUrHSgw1D6c
POSITIVE MIND in 5 Minutes Meditation,3RxXiFgkxGc,Meditation,5.03,3255822,39510,https://www.youtube.com/watch?v=3RxXiFgkxGc
5 Minute Guided Meditation,LapzI3cg9rY,Meditation,6.52,48424,317,https://www.youtube.com/watch?v=LapzI3cg9rY
The Silent Mind  - 5 Minute Guided Meditation,dqnFLp1W3Co,Meditation,6.87,13657,108,https://www.youtube.com/watch?v=dqnFLp1W3Co
5 Minute Abundance Meditation: Favorite from Meditation Masters By Jason Stephenson,6AkEAKtL7a8,Meditation,5.02,358635,4064,https://www.youtube.com/watch?v=6AkEAKtL7a8
5 Minute Guided Meditation to Start the Day,YMQZ_3MIpQs,Meditation,5.35,34149,869,https://www.youtube.com/watch?v=YMQZ_3MIpQs
&quot;Guided Meditation&quot;  A 5 Minute Meditation to Relax the Body and Mind,Ob6B-SZtKVQ,Meditation,5.63,13640,44,https://www.youtube.com/watch?v=Ob6B-SZtKVQ
Mindfulness Meditation - Guided 10 Minutes,6p_yaNFSYao,Meditation,9.8,10940296,83825,https://www.youtube.com/watch?v=6p_yaNFSYao
A Ten Minute Guided Meditation to Clear Your Mind,ez3GgRqhNvA,Meditation,10.15,209222,5570,https://www.youtube.com/watch?v=ez3GgRqhNvA
A Powerful 10 Minute Guided Meditation,sJH6_ZbgeWQ,Meditation,9.93,2896892,26891,https://www.youtube.com/watch?v=sJH6_ZbgeWQ
Positive Energy 10 minute Guided Meditation,M6dCovaOono,Meditation,10.05,530735,14960,https://www.youtube.com/watch?v=M6dCovaOono
Feel Amazing 10 Minute Guided Meditation,LNLfDbH6GJs,Meditation,10.17,54481,2447,https://www.youtube.com/watch?v=LNLfDbH6GJs
A Refreshing 10 Minute Guided Meditation,YRO7hxAPS2o,Meditation,10.03,44927,1711,https://www.youtube.com/watch?v=YRO7hxAPS2o
10 Minute Chakra Balance Guided Meditation for Positive Energy,jeGT1VXwfx4,Meditation,10.52,5234363,83922,https://www.youtube.com/watch?v=jeGT1VXwfx4
You Are Limitless ~ 10 Minute Guided Meditation,F527mr-GgIg,Meditation,10.7,81730,2620,https://www.youtube.com/watch?v=F527mr-GgIg
DEEP RELAXATION: Guided 10 Minute Visualisation Meditation,GZiXPBGxKSE,Meditation,10.38,179930,2220,https://www.youtube.com/watch?v=GZiXPBGxKSE
Daily Calm | 10 Minute Mindfulness Meditation | Be Present,ZToicYcHIOU,Meditation,10.52,3484162,41465,https://www.youtube.com/watch?v=ZToicYcHIOU
Calm Your Mind - Present Moment 10 Minute Guided Meditation,dxCmHe-HuvQ,Meditation,10.12,76490,1941,https://www.youtube.com/watch?v=dxCmHe-HuvQ
Guided Morning Meditation | 10 Minutes To Start Every Day Perfectly ‚òÆ,FGO8IWiusJo,Meditation,10.58,983825,23944,https://www.youtube.com/watch?v=FGO8IWiusJo
10 Minute Guided Meditation for Becoming More Mindful.,Evgx9yX2Vw8,Meditation,10.13,37856,1667,https://www.youtube.com/watch?v=Evgx9yX2Vw8
Release Anxiety Stress &amp; Overthinking Guided Meditation 10 Minutes,EpVFSti0Ydg,Meditation,10.52,883019,11685,https://www.youtube.com/watch?v=EpVFSti0Ydg
Be Present Guided Meditation 10 minutes of Mindfulness,h41b3SGvy40,Meditation,10.03,78390,1835,https://www.youtube.com/watch?v=h41b3SGvy40
Become Fully Present &amp; Calm with this Guided 10 Minute Mindfulness Meditation,L5tkqaKiryE,Meditation,10.02,589164,8286,https://www.youtube.com/watch?v=L5tkqaKiryE
10 Minute Guided Imagery Meditation | City of Hope,t1rRo6cgM_E,Meditation,10.97,1688604,15104,https://www.youtube.com/watch?v=t1rRo6cgM_E
Mental Clarity &amp; Focus ~ 10 Minute Guided Meditation,YFRZI3xMovM,Meditation,10.33,63684,2382,https://www.youtube.com/watch?v=YFRZI3xMovM
LISTEN EVERY DAY! 10 Minute Guided Meditation To Find Peace In Uncertain Times,6cLfBgMuv6U,Meditation,12.42,112797,3579,https://www.youtube.com/watch?v=6cLfBgMuv6U
Daily Calm | 10 Minute Mindfulness Meditation | Letting Go,syx3a1_LeFo,Meditation,10.58,1216894,15157,https://www.youtube.com/watch?v=syx3a1_LeFo
Relax Deeply into Your Inner Stillness ~ 10 Minute Guided Meditation,jBQNWkbl2_w,Meditation,10.52,463250,4363,https://www.youtube.com/watch?v=jBQNWkbl2_w
10 Minute Deep &amp; Powerful Higher Self Guided Meditation,PIFEPX0C__s,Meditation,10.52,1710304,21308,https://www.youtube.com/watch?v=PIFEPX0C__s
Keeping Positive ~ A 10 Minute Guided Meditation,CwnIngHm3GE,Meditation,10.52,45064,1628,https://www.youtube.com/watch?v=CwnIngHm3GE
Morning Positive Affirmations ~ A 10 minute guided meditation,2l8WD4U4KMk,Meditation,10.02,45287,2212,https://www.youtube.com/watch?v=2l8WD4U4KMk
10 Minute Guided Meditation For Beginners By Gurudev Sri Sri Ravi Shankar | Beginners Meditation,TWbiDzi-rQc,Meditation,10.02,504313,0,https://www.youtube.com/watch?v=TWbiDzi-rQc
10-Minute Meditation For Anxiety,O-6f5wQXSu8,Meditation,10.35,2630137,66524,https://www.youtube.com/watch?v=O-6f5wQXSu8
10 Minute Morning Guided Meditation for Positive Energy,Yjh_sDNL1Ac,Meditation,10.3,99924,3672,https://www.youtube.com/watch?v=Yjh_sDNL1Ac
Feeling Full of Unconditional Happiness ~ 10 minute guided meditation,RqxVzWM8fLU,Meditation,10.03,28697,1233,https://www.youtube.com/watch?v=RqxVzWM8fLU
Refresh Your Mind ~ Restore your Body ~ 10 minute guided meditation,N6eBka6x2ck,Meditation,10.03,39451,1487,https://www.youtube.com/watch?v=N6eBka6x2ck
"10 Minute Morning Meditation for Clarity, Stability, and Presence | Goop",OccjH_2ddQc,Meditation,10.37,815154,0,https://www.youtube.com/watch?v=OccjH_2ddQc
Productive Morning 10 minute guided meditation,c2hW7L0LISM,Meditation,10.25,82112,3021,https://www.youtube.com/watch?v=c2hW7L0LISM
10 Minute Guided Meditation for Inner Peace and Relaxation,Xx6gj6RLRdg,Meditation,10.92,571,34,https://www.youtube.com/watch?v=Xx6gj6RLRdg
Mindfulness Meditation: Guided 10 Minutes. . .  2019 &quot;Deep-Relax&quot; Edition,fJ_3m3aCy5Q,Meditation,10.68,199161,1777,https://www.youtube.com/watch?v=fJ_3m3aCy5Q
Daily Calm | 10 Minute Mindfulness Meditation | Self Soothing,Xl_B45DpMLU,Meditation,10.13,713055,8225,https://www.youtube.com/watch?v=Xl_B45DpMLU
Manifesting Success in Your Life ~ 10 Minute Guided Meditation,_sxCCYPw4AE,Meditation,10.37,23366,1087,https://www.youtube.com/watch?v=_sxCCYPw4AE
10 min Guided Meditation for Self-Love and Compassion with Alli Simon,3UW-x4Hixa0,Meditation,10.85,171464,3423,https://www.youtube.com/watch?v=3UW-x4Hixa0
Planting Seeds of Gratitude 10 Minute Guided Meditation,pibReYQEC10,Meditation,10.37,38420,1250,https://www.youtube.com/watch?v=pibReYQEC10
"10 Minute Guided Meditation to ease Anxiety Worry, Overthinking &amp; Urgency | Soothing Calm | POWERFUL",xoYnqvadurg,Meditation,9.9,4175081,21345,https://www.youtube.com/watch?v=xoYnqvadurg
Let Go &amp; Relax 10 Min Guided Meditation,uhkRjE3Ny84,Meditation,10.68,483152,6555,https://www.youtube.com/watch?v=uhkRjE3Ny84
Feel Amazing 10 Minute Guided Meditation,hADTMwySEng,Meditation,10.35,188246,2647,https://www.youtube.com/watch?v=hADTMwySEng
Mindfulness Meditation - Guided (Breathing) 10 Minutes,eE5Mnqu0QY0,Meditation,10.25,70564,1178,https://www.youtube.com/watch?v=eE5Mnqu0QY0
Trust in Life ~ 10 Minute Guided Meditation,Thnh2P4CECc,Meditation,10.02,85624,1789,https://www.youtube.com/watch?v=Thnh2P4CECc
Positivity &amp; Abundance Guided Meditation 10 Minute,KCgVHFk3-lM,Meditation,10.52,306767,4411,https://www.youtube.com/watch?v=KCgVHFk3-lM
10 Minute Guided Meditation Everyone Needs to Practice,MCYM1VtVb3A,Meditation,10.2,955963,9543,https://www.youtube.com/watch?v=MCYM1VtVb3A
10 Minute Guided Meditation for Focus,ausxoXBrmWs,Meditation,10.68,93797,4116,https://www.youtube.com/watch?v=ausxoXBrmWs
10 Minute Guided Meditation to Reduce Anxiety and Stress  / Mindfulness / Mindful Movement,217ensSqsTM,Meditation,9.92,117364,2126,https://www.youtube.com/watch?v=217ensSqsTM
Becoming One with Everything ~10 Minute Guided Meditation,jVTWQ6stp58,Meditation,10.03,37002,1431,https://www.youtube.com/watch?v=jVTWQ6stp58
Breathing Practice - 10 Minute Guided Meditation,iuv5EomIA9s,Meditation,12.23,289444,2052,https://www.youtube.com/watch?v=iuv5EomIA9s
Clear Mind Present Moment 10 Minute Mindfulness Guided Meditation,t6uvlMPglqE,Meditation,10.02,201165,4027,https://www.youtube.com/watch?v=t6uvlMPglqE
Let Your Inner Light Shine 10 Minute Guided Meditation for positive energy,-0O3LjMYqYc,Meditation,10.07,31483,1377,https://www.youtube.com/watch?v=-0O3LjMYqYc
15 Minute Guided Meditation To Find Peace In Uncertain Times,W19PdslW7iw,Meditation,16.1,1361713,28225,https://www.youtube.com/watch?v=W19PdslW7iw
Relaxing 15 Minute Guided Meditation for Balancing  / Mindful Movement,G6oLzlxHd3E,Meditation,15.03,379436,5702,https://www.youtube.com/watch?v=G6oLzlxHd3E
15 Minute Guided Meditation ~ Relaxed Body Relaxed Mind,W8a3T8pI9Ns,Meditation,15.13,882351,8574,https://www.youtube.com/watch?v=W8a3T8pI9Ns
15 Minute Guided Meditation  ‚ô• Mindfully Heal Yourself From The Inside Out,p29mwfzpNc4,Meditation,16.62,658402,13754,https://www.youtube.com/watch?v=p29mwfzpNc4
15 Minute Guided Meditation for Positive Energy &amp; Releasing Fear | davidji,q0lsuZOUIGE,Meditation,15.65,6468,311,https://www.youtube.com/watch?v=q0lsuZOUIGE
"15 Minute Super Deep Meditation Music: Relax Mind Body, Inner Peace, Relaxing Music, ‚òØ2563B",aIIEI33EUqI,Meditation,15.02,21271242,167227,https://www.youtube.com/watch?v=aIIEI33EUqI
Just Be In The Moment ~ 15 Minute Guided Meditation,XJhfNuFrKYA,Meditation,15.77,25583,853,https://www.youtube.com/watch?v=XJhfNuFrKYA
"15 minute Guided Meditation Abundance, Balance &amp; Freedom",3r-CRbY6g7s,Meditation,16.28,1234706,17146,https://www.youtube.com/watch?v=3r-CRbY6g7s
15 Minute Guided Meditation for Mindfulness,JQE-XQkisp8,Meditation,15.35,4692,139,https://www.youtube.com/watch?v=JQE-XQkisp8
15 Minute Guided Meditation | Strength &amp; Grounding In Stressful Times,z0GtmPnqAd8,Meditation,15.48,232267,5854,https://www.youtube.com/watch?v=z0GtmPnqAd8
15 Minute Guided Meditation | Clear &amp; Calm The Mind In Uncertain Times,a2pZOIzbp7Q,Meditation,16.1,419758,10756,https://www.youtube.com/watch?v=a2pZOIzbp7Q
15 Minute Guided Imagery Meditation Exercise | City of Hope,qcdbCphVa1g,Meditation,15.08,96172,712,https://www.youtube.com/watch?v=qcdbCphVa1g
15 Minute Meditation for Stress Relief and Building Confidence / Mindful Movement,-KMngzCWgTw,Meditation,14.72,557895,7944,https://www.youtube.com/watch?v=-KMngzCWgTw
Relax into This Present Moment: A 15 Minute Guided Mindfulness Meditation,GGn1Vhdv0jw,Meditation,14.92,152027,2556,https://www.youtube.com/watch?v=GGn1Vhdv0jw
The Guided Meditation You Need  ‚ô• 15 Minute Mindfulness,e2_4xrVt4hs,Meditation,14.85,360060,6147,https://www.youtube.com/watch?v=e2_4xrVt4hs
15 Minute Guided Meditation for Deep Relaxation (Good for Sleep!) | davidji,y85wz_5XmhE,Meditation,14.52,4459,168,https://www.youtube.com/watch?v=y85wz_5XmhE
Guided Mindfulness Meditation for the Morning: Starting the Day (15 minutes),sWrgKDzM0LU,Meditation,15.02,996276,11651,https://www.youtube.com/watch?v=sWrgKDzM0LU
Cultivate an Attitude of Gratitude with this 15 Minute Guided Meditation  / Mindful Movement,M6SHrfnaIoY,Meditation,15.83,115275,2205,https://www.youtube.com/watch?v=M6SHrfnaIoY
Powerful yet Simple 15 minute Guided Meditation,A5dg4cFi7Ks,Meditation,15.22,75258,869,https://www.youtube.com/watch?v=A5dg4cFi7Ks
15-Minute Meditation For Self Love,itZMM5gCboo,Meditation,15.35,678618,20837,https://www.youtube.com/watch?v=itZMM5gCboo
15 Minute Universal Connection Guided Meditation,UKP5oDZN1Fs,Meditation,15.1,112261,2467,https://www.youtube.com/watch?v=UKP5oDZN1Fs
15 Minute Guided Meditation for Focus,CTS6E_0oAJg,Meditation,15.63,21873,748,https://www.youtube.com/watch?v=CTS6E_0oAJg
"Hypnosis for Inner Peace (15 Minute Guided Meditation, Music Relax Mind Body Anxiety Calm)",td6BhfC7Xwk,Meditation,15.02,466609,6109,https://www.youtube.com/watch?v=td6BhfC7Xwk
15-minute meditation: Body scan,T0nuKBVQS7M,Meditation,15.45,1885401,12961,https://www.youtube.com/watch?v=T0nuKBVQS7M
15 Minute Version Mindful Meditation - Guided,5dIPnf47rPY,Meditation,15.02,55036,686,https://www.youtube.com/watch?v=5dIPnf47rPY
15 Minute Meditation to Develop a Positive Internal Dialogue / Mindful Movement,lmPIMDPRJ2c,Meditation,15.5,343929,5397,https://www.youtube.com/watch?v=lmPIMDPRJ2c
MEDITATION - 15 Minute Guided Meditation to Reduce Stress,OHQEixHRDpE,Meditation,15.47,46567,168,https://www.youtube.com/watch?v=OHQEixHRDpE
15 Minutes to Start your Day with Clarity / Morning Meditation / Mindful Movement,LpAzmyrUswg,Meditation,15.25,502563,6937,https://www.youtube.com/watch?v=LpAzmyrUswg
manifestation Guided Meditation 15 Minute,JS1Qm8EOR-Y,Meditation,15.1,96918,1726,https://www.youtube.com/watch?v=JS1Qm8EOR-Y
"15 minute guided power nap | peaceful sleep meditation for relaxation, stress and anxiety",N5hFNoRcMVU,Meditation,15.65,432320,4892,https://www.youtube.com/watch?v=N5hFNoRcMVU
A 15-Minute Meditation for Beginners,nULU2Mg8JBg,Meditation,15.33,23538,195,https://www.youtube.com/watch?v=nULU2Mg8JBg
Stillness and Sound: 15 Minute Meditation with Music,OQcCfNXBd-Y,Meditation,15.92,36105,0,https://www.youtube.com/watch?v=OQcCfNXBd-Y
Fifteen Minute Guided Meditation - Relax the Body and Mind with Ambient Music,3xEIOKt1iNc,Meditation,14.72,305399,1226,https://www.youtube.com/watch?v=3xEIOKt1iNc
Guided Meditation For Strength &amp; Grounding ‚ô• 15 Minutes,DkKGTgYt5Dk,Meditation,16.58,282527,5382,https://www.youtube.com/watch?v=DkKGTgYt5Dk
15 minute Guided Meditation for Everyone - Anxiety - Depression,Lw8zOrc7Uu8,Meditation,15.25,32017,325,https://www.youtube.com/watch?v=Lw8zOrc7Uu8
15 Minute Guided Meditation to FIND PEACE in Moments of UNCERTAINTY &amp; ANXIETY | davidji,i5fTdGZctgc,Meditation,15.35,2646,150,https://www.youtube.com/watch?v=i5fTdGZctgc
Dealing with Thoughts During Meditation: A 15 Minute Guided Mindfulness Meditation,2iH_gqDaEv8,Meditation,15.47,44634,1040,https://www.youtube.com/watch?v=2iH_gqDaEv8
"Guided Mindfulness Meditation, 15 Minute Body Scan",CGC7qSqGuNw,Meditation,15.25,48767,139,https://www.youtube.com/watch?v=CGC7qSqGuNw
15-Minute Guided Meditation for a Better Sleep by Mind Fit | Sleep Meditation | Mind Fit | Cure Fit,5KaVWkCuy-0,Meditation,14.93,13999,72,https://www.youtube.com/watch?v=5KaVWkCuy-0
Awaken a Renewal of Energy with this 15 Minute Guided Meditation / Nature&#39;s Lessons Series,7o9HZyHgzU4,Meditation,15.63,19216,460,https://www.youtube.com/watch?v=7o9HZyHgzU4
Easy Guided Meditation for Beginners - 15 min Meditation for Clarity &amp; Relaxation,wVSkYKj26qg,Meditation,15.37,596595,10940,https://www.youtube.com/watch?v=wVSkYKj26qg
15 Minute Guided Mindfulness Meditation for Anxiety,wgZqnacPEY4,Meditation,16.0,3933,113,https://www.youtube.com/watch?v=wgZqnacPEY4
15 Minute Guided Meditation For Beginners / It&#39;s a Practice Not Perfect,ZJAOlpQcwXg,Meditation,15.23,43151,777,https://www.youtube.com/watch?v=ZJAOlpQcwXg
"15 Minute Guided Visualization Meditation, Guided Imagery Meditation Relaxation Exercise",vsxojd4aNdI,Meditation,15.27,697,17,https://www.youtube.com/watch?v=vsxojd4aNdI
15 Minute Guided Meditation w Breath Assistance | 4K UHD &quot;Just Breathe&quot; by Nature Relaxation‚Ñ¢,itC47I7s5Bs,Meditation,15.22,31107,401,https://www.youtube.com/watch?v=itC47I7s5Bs
15 Minute Guided Breathing Meditation for Relaxation and Inner Stillness,4Undv6MmQeE,Meditation,16.97,7981,210,https://www.youtube.com/watch?v=4Undv6MmQeE
Mindfulness Meditation - Quick 15 Min Stress Relief Version,8v45WSuAeYI,Meditation,15.02,1020595,4544,https://www.youtube.com/watch?v=8v45WSuAeYI
Take a break for a 15 Minute Guided ZEN Meditation,aTIV9djESbY,Meditation,14.92,186302,4131,https://www.youtube.com/watch?v=aTIV9djESbY
15 Minute Guided Meditation for Relaxation &amp; Self-Acceptance,rwGVtGCN9Ec,Meditation,14.98,136367,1711,https://www.youtube.com/watch?v=rwGVtGCN9Ec
GUIDED MEDITATION: Ease Anxiety &amp; Worry,JnnS2-8t59c,Meditation,14.32,588025,4757,https://www.youtube.com/watch?v=JnnS2-8t59c
4 Minute At Work Guided Meditation,uiUfSPbwyms,Meditation,4.23,58347,912,https://www.youtube.com/watch?v=uiUfSPbwyms
5 Minute Guided Meditation For Relaxation | Calming Work Break Meditation,UV3TQViKSck,Meditation,5.23,7099,129,https://www.youtube.com/watch?v=UV3TQViKSck
5-Minute Meditation You Can Do Anywhere,inpok4MKVLM,Meditation,5.28,4806981,112742,https://www.youtube.com/watch?v=inpok4MKVLM
üòåKEEP CALM and STAY FOCUSED - Short guided meditation for focus and concentration,cDV7z__ARx0,Meditation,6.6,2108,62,https://www.youtube.com/watch?v=cDV7z__ARx0
Daily Calm | 10 Minute Mindfulness Meditation | Be Present,ZToicYcHIOU,Meditation,10.52,3484162,41465,https://www.youtube.com/watch?v=ZToicYcHIOU
5 Minute Stress Relief Guided Meditation,L1QOh-n-eus,Meditation,5.02,426745,4993,https://www.youtube.com/watch?v=L1QOh-n-eus
5 Minute Quick Anxiety Reduction - Guided Mindfulness Meditation,MR57rug8NsM,Meditation,5.48,1258595,14899,https://www.youtube.com/watch?v=MR57rug8NsM
Deepak Chopra&#39;s Go-To 3-Minute Meditation To Stay Focused,4Bs0qUB3BHQ,Meditation,3.5,1676537,36663,https://www.youtube.com/watch?v=4Bs0qUB3BHQ
10 Minute Guided Meditation for Focus,ausxoXBrmWs,Meditation,10.68,93797,4116,https://www.youtube.com/watch?v=ausxoXBrmWs
Short Guided Meditation to Let Go of the Work Day,D78_9XIEN38,Meditation,10.57,1009,35,https://www.youtube.com/watch?v=D78_9XIEN38
5 MINUTE Calming Meditation (With Guiding Voice),i50ZAs7v9es,Meditation,5.42,3828998,34326,https://www.youtube.com/watch?v=i50ZAs7v9es
Short Guided meditation for positive energy and anxiety,TnNOiorgIXk,Meditation,6.03,106605,762,https://www.youtube.com/watch?v=TnNOiorgIXk
10 Minute Guided Meditation for Focus / Mindful Movement,CcqZ47d398k,Meditation,11.13,704659,19328,https://www.youtube.com/watch?v=CcqZ47d398k
3-minute Mindful Breathing Meditation (Relieve Stress),SEfs5TJZ6Nk,Meditation,3.25,1697791,12077,https://www.youtube.com/watch?v=SEfs5TJZ6Nk
STRESSED? Learn to reframe stressful situations with this short meditation.,sG7DBA-mgFY,Meditation,10.17,177034,2673,https://www.youtube.com/watch?v=sG7DBA-mgFY
Short Calming Mindfulness Meditation to Clear the Clutter in your Mind / Mindful Movement,6kVVrE_sCNA,Meditation,6.42,545765,8034,https://www.youtube.com/watch?v=6kVVrE_sCNA
5 min clearing morning Guided meditation for positivity and grounding,s9b2y3Mg2n8,Meditation,5.55,1059800,16658,https://www.youtube.com/watch?v=s9b2y3Mg2n8
Overwhelmed? Practice This Short Guided Meditation,EN5HOvhzvKs,Meditation,10.05,9581,316,https://www.youtube.com/watch?v=EN5HOvhzvKs
10-Minute Meditation For Anxiety,O-6f5wQXSu8,Meditation,10.35,2630137,66524,https://www.youtube.com/watch?v=O-6f5wQXSu8
Meditation for Working with Difficulities | UCLA Mindful Awareness Research Center,XInJoYvy_ew,Meditation,6.95,68827,504,https://www.youtube.com/watch?v=XInJoYvy_ew
Daily Calm | 10 Minute Mindfulness Meditation | Letting Go,syx3a1_LeFo,Meditation,10.58,1216894,15157,https://www.youtube.com/watch?v=syx3a1_LeFo
How To De-stress After Work | Guided Meditation | Five Minute Meditation,M1e0sFR3dpQ,Meditation,6.43,6348,232,https://www.youtube.com/watch?v=M1e0sFR3dpQ
Reset: Decompress Your Body and Mind,QHkXvPq2pQE,Meditation,10.13,211932,3286,https://www.youtube.com/watch?v=QHkXvPq2pQE
SHORT GUIDED MINDFULNESS MEDITATION - Music Mindfulness,f1pDswSyrrk,Meditation,7.13,41234,539,https://www.youtube.com/watch?v=f1pDswSyrrk
Breathing Meditation | UCLA Mindful Awareness Research Center,YFSc7Ck0Ao0,Meditation,5.55,1405273,12884,https://www.youtube.com/watch?v=YFSc7Ck0Ao0
Headspace | Mini Meditation | Let Go of Stress,c1Ndym-IsQg,Meditation,1.12,24121063,7166,https://www.youtube.com/watch?v=c1Ndym-IsQg
GUIDED MEDITATION for Stress Relief,o94tvFUttco,Meditation,11.6,892653,7817,https://www.youtube.com/watch?v=o94tvFUttco
Mindful Breathing Meditation (5 Minutes),nmFUDkj1Aq0,Meditation,5.38,1096745,8692,https://www.youtube.com/watch?v=nmFUDkj1Aq0
Gratitude Meditation (Strengthen Happiness),UhF8vLesRRc,Meditation,5.52,169196,1732,https://www.youtube.com/watch?v=UhF8vLesRRc
"5 Minute Guided Morning Mindfulness Meditation - Focused, Calm, and Centered",n9ja1Wqkp1U,Meditation,6.2,102189,3155,https://www.youtube.com/watch?v=n9ja1Wqkp1U
5 Minute Guided Meditation for Gratitude / Mindful Movement,OCorElLKFQE,Meditation,5.95,678789,10212,https://www.youtube.com/watch?v=OCorElLKFQE
Mindfulness Guided Meditation - 5 Minutes,dEzbdLn2bJc,Meditation,5.33,1887711,12455,https://www.youtube.com/watch?v=dEzbdLn2bJc
POSITIVE MIND in 5 Minutes Meditation,3RxXiFgkxGc,Meditation,5.03,3255826,39510,https://www.youtube.com/watch?v=3RxXiFgkxGc
MINDFULNESS - 3 MINUTE MEDITATION,evJHBLldMsE,Meditation,3.0,437856,3084,https://www.youtube.com/watch?v=evJHBLldMsE
Five Minute Mindful Breathing,I-SFdhVwrVA,Meditation,5.02,211871,2232,https://www.youtube.com/watch?v=I-SFdhVwrVA
7 Min Meditation to Start Your Day  |  Yoga With Adriene,k0PSUDvLi8E,Meditation,7.35,2229565,40335,https://www.youtube.com/watch?v=k0PSUDvLi8E
Unlock Your Full Potential - A 10 minute Guided Visualization For success &amp; Confidence,soZwJQTFpJk,Meditation,10.52,778106,8300,https://www.youtube.com/watch?v=soZwJQTFpJk
5 Minute Guided Meditation for Concentration,_0oxd7Llcec,Meditation,5.78,100251,868,https://www.youtube.com/watch?v=_0oxd7Llcec
"10 Minute Morning Meditation for Clarity, Stability, and Presence | Goop",OccjH_2ddQc,Meditation,10.37,815154,0,https://www.youtube.com/watch?v=OccjH_2ddQc
2-Minute Guided Meditation to Release Stress,vLhOGEnEedk,Meditation,2.27,217908,1584,https://www.youtube.com/watch?v=vLhOGEnEedk
After-work guided meditation for nursing staff,Z3z9f3OIcLg,Meditation,15.98,2232,37,https://www.youtube.com/watch?v=Z3z9f3OIcLg
Short Guided Meditation,41GqbdgYAmE,Meditation,3.52,155583,520,https://www.youtube.com/watch?v=41GqbdgYAmE
A Meditation For After a Workout,ulQWJlNzYKc,Meditation,3.98,62216,844,https://www.youtube.com/watch?v=ulQWJlNzYKc
Short Mindfulness Meditation--Reduce Stress and Anxiety in 6 Minutes,ml_rbk_qDEQ,Meditation,6.58,77730,1315,https://www.youtube.com/watch?v=ml_rbk_qDEQ
Relaxing 15 Minute Guided Meditation for Balancing  / Mindful Movement,G6oLzlxHd3E,Meditation,15.03,379436,5702,https://www.youtube.com/watch?v=G6oLzlxHd3E
GUIDED MEDITATION - Deep Relaxation,X7iBnp8T6nY,Meditation,12.12,1920460,9620,https://www.youtube.com/watch?v=X7iBnp8T6nY
Short Guided Meditation: The Lake of Stars,V6it1lZ7I_M,Meditation,7.27,30994,897,https://www.youtube.com/watch?v=V6it1lZ7I_M
Body Scan Meditation (Tame Anxiety),QS2yDmWk0vs,Meditation,8.65,389578,3348,https://www.youtube.com/watch?v=QS2yDmWk0vs
GUIDED MEDITATION: Self-Esteem,5I_gj-eMefU,Meditation,10.23,479863,5218,https://www.youtube.com/watch?v=5I_gj-eMefU
Guided Meditation for Positive Mindset &amp; Motivation / Positive Affirmations / Mindful Movement,wy_HD7t42ik,Meditation,10.4,485509,9467,https://www.youtube.com/watch?v=wy_HD7t42ik
How not to take things personally? | Frederik Imbo | TEDxMechelen,LnJwH_PZXnM,Educational,17.62,1819649,64708,https://www.youtube.com/watch?v=LnJwH_PZXnM
The Magic of Not Giving a F*** | Sarah Knight | TEDxCoconutGrove,GwRzjFQa_Og,Educational,12.62,8011394,182541,https://www.youtube.com/watch?v=GwRzjFQa_Og
"After watching this, your brain will not be the same | Lara Boyd | TEDxVancouver",LNHBMFCzznE,Educational,14.42,28490467,286334,https://www.youtube.com/watch?v=LNHBMFCzznE
"How to win an argument (at the US Supreme Court, or anywhere) | Neal Katyal",VmLMMNhxZMU,Educational,16.22,50689,2734,https://www.youtube.com/watch?v=VmLMMNhxZMU
Inside the mind of a master procrastinator | Tim Urban,arj7oStGLkU,Educational,14.07,31012789,1101557,https://www.youtube.com/watch?v=arj7oStGLkU
How to Get Your Brain to Focus | Chris Bailey | TEDxManchester,Hu4Yvq-g7_Y,Educational,15.95,5559174,125982,https://www.youtube.com/watch?v=Hu4Yvq-g7_Y
&quot;Everything happens for a reason&quot; -- and other lies I&#39;ve loved | Kate Bowler,DTcJmIbn5nw,Educational,14.83,2660012,66123,https://www.youtube.com/watch?v=DTcJmIbn5nw
How to gain control of your free time | Laura Vanderkam,n3kNlFMXslo,Educational,11.92,5726648,127582,https://www.youtube.com/watch?v=n3kNlFMXslo
How to speak so that people want to listen | Julian Treasure,eIho2S0ZahI,Educational,9.98,28687173,531472,https://www.youtube.com/watch?v=eIho2S0ZahI
Quit social media | Dr. Cal Newport | TEDxTysons,3E7hkPZ-HTk,Educational,13.85,7164997,149616,https://www.youtube.com/watch?v=3E7hkPZ-HTk
The next outbreak? We‚Äôre not ready | Bill Gates,6Af6b_wyiwI,Educational,8.62,31308579,636928,https://www.youtube.com/watch?v=6Af6b_wyiwI
The power of vulnerability | Bren√© Brown,iCvmsMzlF7o,Educational,20.83,14084021,196241,https://www.youtube.com/watch?v=iCvmsMzlF7o
"Looks aren&#39;t everything. Believe me, I&#39;m a model. | Cameron Russell",KM4Xe6Dlp0Y,Educational,9.63,25945919,434084,https://www.youtube.com/watch?v=KM4Xe6Dlp0Y
My philosophy for a happy life | Sam Berns | TEDxMidAtlantic,36m1o-tM05g,Educational,12.75,41153365,792115,https://www.youtube.com/watch?v=36m1o-tM05g
I Was Almost A School Shooter | Aaron Stark | TEDxBoulder,azRl1dI-Cts,Educational,7.48,11771220,604887,https://www.youtube.com/watch?v=azRl1dI-Cts
How to motivate yourself to change your behavior | Tali Sharot | TEDxCambridge,xp0O2vi8DX4,Educational,16.82,9868802,134785,https://www.youtube.com/watch?v=xp0O2vi8DX4
Reading minds through body language | Lynne Franklin | TEDxNaperville,W3P3rT0j2gQ,Educational,11.98,3646778,70773,https://www.youtube.com/watch?v=W3P3rT0j2gQ
Learn English with Rihanna INCREDIBLE Speech at Harvard University - English Subtitles,JzOm6le-0jM,Educational,7.5,669848,0,https://www.youtube.com/watch?v=JzOm6le-0jM
What makes you special? | Mariana Atencio | TEDxUniversityofNevada,MY5SatbZMAo,Educational,17.78,13588120,234893,https://www.youtube.com/watch?v=MY5SatbZMAo
Your brain hallucinates your conscious reality | Anil Seth,lyu7v7nWzfo,Educational,17.02,7231426,148320,https://www.youtube.com/watch?v=lyu7v7nWzfo
How to stay calm when you know you&#39;ll be stressed | Daniel Levitin,8jPQjjsBbIc,Educational,12.35,10973991,110391,https://www.youtube.com/watch?v=8jPQjjsBbIc
How childhood trauma affects health across a lifetime | Nadine Burke Harris,95ovIJ3dsNk,Educational,16.05,3566953,97691,https://www.youtube.com/watch?v=95ovIJ3dsNk
Banned TEDTalk about Psychic Abilities | Russell Targ | suespeaks.org,hBl0cwyn5GY,Educational,32.37,6166712,85629,https://www.youtube.com/watch?v=hBl0cwyn5GY
Everything you think you know about addiction is wrong | Johann Hari,PY9DcIMGxMs,Educational,14.72,7811371,190365,https://www.youtube.com/watch?v=PY9DcIMGxMs
Master Shi Heng Yi ‚Äì 5 hindrances to self-mastery | Shi Heng YI | TEDxVitosha,4-079YIasck,Educational,18.62,4019887,138626,https://www.youtube.com/watch?v=4-079YIasck
The power of believing that you can improve | Carol Dweck,_X0mgOOSpLU,Educational,10.42,3923099,73174,https://www.youtube.com/watch?v=_X0mgOOSpLU
The person you really need to marry | Tracy McMillan | TEDxOlympicBlvdWomen,P3fIZuW9P_M,Educational,13.98,15504439,281667,https://www.youtube.com/watch?v=P3fIZuW9P_M
What makes a good life? Lessons from the longest study on happiness | Robert Waldinger,8KkKuTCFvzI,Educational,12.78,18035198,303226,https://www.youtube.com/watch?v=8KkKuTCFvzI
The three secrets of resilient people | Lucy Hone | TEDxChristchurch,NWH8N-BvhAw,Educational,16.35,982077,21334,https://www.youtube.com/watch?v=NWH8N-BvhAw
My son was a Columbine shooter. This is my story | Sue Klebold,BXlnrFpCu0c,Educational,15.32,8549136,0,https://www.youtube.com/watch?v=BXlnrFpCu0c
Grit: the power of passion and perseverance | Angela Lee Duckworth,H14bBuluwB8,Educational,6.22,7050111,76446,https://www.youtube.com/watch?v=H14bBuluwB8
Sleep is your superpower | Matt Walker,5MuIMqhT8DM,Educational,19.32,5384349,151211,https://www.youtube.com/watch?v=5MuIMqhT8DM
TED TALK,9Z-MgUDvD6g,Educational,5.32,2595985,171491,https://www.youtube.com/watch?v=9Z-MgUDvD6g
My escape from North Korea | Hyeonseo Lee,PdxPCeWw75k,Educational,12.27,13241873,365851,https://www.youtube.com/watch?v=PdxPCeWw75k
How to spot a liar | Pamela Meyer,P_6vDLq64gE,Educational,18.85,20329110,191036,https://www.youtube.com/watch?v=P_6vDLq64gE
How To Skip the Small Talk and Connect With Anyone | Kalina Silverman | TEDxWestminsterCollege,WDbxqM4Oy1Y,Educational,19.7,6247365,84085,https://www.youtube.com/watch?v=WDbxqM4Oy1Y
The brain-changing benefits of exercise | Wendy Suzuki,BHY0FxzoKZE,Educational,13.05,5615220,194111,https://www.youtube.com/watch?v=BHY0FxzoKZE
"Why I, as a black man, attend KKK rallies. | Daryl Davis | TEDxNaperville",ORp3q1Oaezw,Educational,18.88,8864296,389032,https://www.youtube.com/watch?v=ORp3q1Oaezw
Coronavirus Is Our Future | Alanna Shaikh | TEDxSMU,Fqw-9yMV0sI,Educational,16.77,6999668,155897,https://www.youtube.com/watch?v=Fqw-9yMV0sI
"Thoughts on humanity, fame and love | Shah Rukh Khan",0NV1KdWRHck,Educational,17.87,7467140,215702,https://www.youtube.com/watch?v=0NV1KdWRHck
The power of introverts | Susan Cain,c0KYU2j0TM4,Educational,19.08,10966263,251365,https://www.youtube.com/watch?v=c0KYU2j0TM4
The Secret of Becoming Mentally Strong | Amy Morin | TEDxOcala,TFbv757kup4,Educational,15.03,14714805,316416,https://www.youtube.com/watch?v=TFbv757kup4
The price of shame | Monica Lewinsky,H_8y0WLm78U,Educational,22.52,10876786,139318,https://www.youtube.com/watch?v=H_8y0WLm78U
Learning a language? Speak it like you‚Äôre playing a video game | Marianna Pascal | TEDxPenangRoad,Ge7c7otG2mk,Educational,15.52,6587560,160215,https://www.youtube.com/watch?v=Ge7c7otG2mk
Graham Hancock - The War on Consciousness BANNED TED TALK,Y0c5nIvJH7w,Educational,18.75,4019991,119314,https://www.youtube.com/watch?v=Y0c5nIvJH7w
Why I&#39;m done trying to be &quot;man enough&quot; | Justin Baldoni,Cetg4gu0oQQ,Educational,18.53,2553711,154397,https://www.youtube.com/watch?v=Cetg4gu0oQQ
How to make stress your friend | Kelly McGonigal,RcGyVTAoXEU,Educational,14.48,10625955,156526,https://www.youtube.com/watch?v=RcGyVTAoXEU
How to sound smart in your TEDx Talk | Will Stephen | TEDxNewYork,8S0FDjFBj8o,Educational,5.93,10249708,290702,https://www.youtube.com/watch?v=8S0FDjFBj8o
The secrets of learning a new language | L√Ωdia Machov√°,o_XVt5rdpFY,Educational,10.77,4805588,183331,https://www.youtube.com/watch?v=o_XVt5rdpFY
Your body language may shape who you are | Amy Cuddy,Ks-_Mh1QhMc,Educational,21.05,18566880,268308,https://www.youtube.com/watch?v=Ks-_Mh1QhMc
ü§£ Funniest üê∂ Dogs and üòª Cats - Awesome Funny Pet Animals Videos üòá,BkD2nN5275c,Funny,11.43,31328934,285957,https://www.youtube.com/watch?v=BkD2nN5275c
Try Not To Laugh Watching Funny Animals Compilation | Funniest Animals Vines 2019,VB4CCHHYOqY,Funny,35.85,50530144,208702,https://www.youtube.com/watch?v=VB4CCHHYOqY
best of the best funny animals,3JJwmF09AlE,Funny,29.25,3968734,33460,https://www.youtube.com/watch?v=3JJwmF09AlE
ü§£ Funniest üê∂ Dogs and üòª Cats - Awesome Funny  Animals Videos üòá,DKxCvAc-DvU,Funny,12.13,5386649,36485,https://www.youtube.com/watch?v=DKxCvAc-DvU
Funniest Animals üêß - Best Of The 2020 Funny Animal Videos üòÅ - Cutest Animals Ever,z6EchXyieos,Funny,9.1,10306047,203578,https://www.youtube.com/watch?v=z6EchXyieos
Funniest Animals üêß - Best Of The 2020 Funny Animal Videos üòÅ - Cutest Animals Ever,YcXWD7m8q24,Funny,9.3,1296220,22452,https://www.youtube.com/watch?v=YcXWD7m8q24
TRY NOT TO LAUGH - Funny Animal Videos!,acXZ2LlPGJY,Funny,12.53,55430,827,https://www.youtube.com/watch?v=acXZ2LlPGJY
Funniest Animals üêß - Best Of The 2020 Funny Animal Videos üòÅ - Cutest Animals Ever,C-hgCVxKOGE,Funny,9.13,3182518,61013,https://www.youtube.com/watch?v=C-hgCVxKOGE
Funniest Animal Videos  - Try not to laugh with Funny Animal&#39;s Life Compilation,2vlWIJZ4FAQ,Funny,9.0,61243,703,https://www.youtube.com/watch?v=2vlWIJZ4FAQ
Funniest Animals Scaring People Reactions of 2019 Weekly Compilation üê¢üê™üêèüêç Funny Pet Videos,Zyjerh9kLQA,Funny,9.75,16020660,45935,https://www.youtube.com/watch?v=Zyjerh9kLQA
ü§£ Funniest üê∂ Dogs And üòªCats - Try Not To Laugh - Best Of The Funny Animal Videos,XfhlEYthG4Y,Funny,12.8,975891,8522,https://www.youtube.com/watch?v=XfhlEYthG4Y
ü§£Funny Animals - Dog And Cats Videos 2020ü§£ Shark And Dolphin,pcI_SWje6mg,Funny,5.4,1327754,13872,https://www.youtube.com/watch?v=pcI_SWje6mg
Funniest Animals üêß - Best Of The 2020 Funny Animal Videos üòÅ - Cutest Animals Ever,ii8T2dxPkDI,Funny,9.07,296191,8010,https://www.youtube.com/watch?v=ii8T2dxPkDI
ü¶Å Funniest Animals üêº - Try Not To Laugh ü§£ - Funny Domestic And Wild Animals&#39; Life,pc8-8KfIW5c,Funny,25.42,23514655,114023,https://www.youtube.com/watch?v=pc8-8KfIW5c
Funniest Animals üêß - Best Of The 2020 Funny Animal Videos üòÅ - Cutest Animals Ever,-Sw5m3VP5BM,Funny,9.23,191086,6070,https://www.youtube.com/watch?v=-Sw5m3VP5BM
Funniest Animals üêß - Best Of The 2020 Funny Animal Videos üòÅ - Cutest Animals Ever,6nE8ifrCB2U,Funny,10.43,3861776,51539,https://www.youtube.com/watch?v=6nE8ifrCB2U
Try Not To Laugh Animals -  Funny Animal and Human Fails Videos 2020,W4Pf5H6ai04,Funny,10.15,3351784,13440,https://www.youtube.com/watch?v=W4Pf5H6ai04
üê∂ Dogs  And üòπ Cats In Funny Situations  - Try Not To Laugh üòÇ,e5cJcxdkJq8,Funny,11.82,1906227,13957,https://www.youtube.com/watch?v=e5cJcxdkJq8
üòπ Cats And üê∂ Dogs In Funny Situations  - Try Not To Laugh üòÇ,ZfHoaL8oJSM,Funny,12.67,6737890,120298,https://www.youtube.com/watch?v=ZfHoaL8oJSM
Funniest Animals üêß - Best Of The 2020 Funny Animal Videos üòÅ - Cutest Animals Ever,UGh6nA7jOUs,Funny,9.87,3247547,46470,https://www.youtube.com/watch?v=UGh6nA7jOUs
Funniest Animals üêß - Best Of The 2020 Funny Animal Videos üòÅ - Cutest Animals Ever,be3n3ppCEqQ,Funny,9.07,329167,7398,https://www.youtube.com/watch?v=be3n3ppCEqQ
Funny üòπ Cats And üê∂ Dogs Situations - Try Not To Laugh üòÇ,Y5_t2H2UEpQ,Funny,11.8,34578,1782,https://www.youtube.com/watch?v=Y5_t2H2UEpQ
Try Not To Laugh Watching Funny Animal Fails Compilation November 2018 #1 - Co Vines‚úî,2rdGVxaA59c,Funny,10.27,16751909,89962,https://www.youtube.com/watch?v=2rdGVxaA59c
The funniest and most hilarious ANIMAL videos #1 - Funny animal compilation - Watch &amp; laugh!,Mq0yEI_xpb8,Funny,10.43,15782201,47570,https://www.youtube.com/watch?v=Mq0yEI_xpb8
Top 200 Funny Animals Vines || FunnyVines,Tb4B0Fc8V_A,Funny,21.27,58791410,254205,https://www.youtube.com/watch?v=Tb4B0Fc8V_A
Super HARD TRY NOT TO LAUGH CHALLENGE - Funny ANIMAL compilation,NOhyduxTOGo,Funny,10.1,12332587,53702,https://www.youtube.com/watch?v=NOhyduxTOGo
üëç Best Funny Cats üòπ And Dogs üê∂ Of The Month -Try Not To Laugh Challenge 2020,2w7R-z4rkYQ,Funny,27.5,3352832,17027,https://www.youtube.com/watch?v=2w7R-z4rkYQ
Super Cute Animals üî¥ Funny and Cute Animal Videos Compilation (2018) Animales Adorables Videos,C9OMAX91oyw,Funny,15.25,1868715,11412,https://www.youtube.com/watch?v=C9OMAX91oyw
Funniest Animals üêß - Best Of The 2020 Funny Animal Videos üòÅ - Cutest Animals Ever,47C-q7wvajE,Funny,9.17,58244,2401,https://www.youtube.com/watch?v=47C-q7wvajE
ü§£ Funniest üê∂ Dogs and üòª Cats - Awesome Funny  Animals Videos üòá,fUc9t9YJ25c,Funny,12.62,779724,7087,https://www.youtube.com/watch?v=fUc9t9YJ25c
Funny Animals ; Funny video,cb3a4c-FILc,Funny,5.05,20179316,63783,https://www.youtube.com/watch?v=cb3a4c-FILc
Try Not To Laugh or Grin While Watching Funny Animals Compilation #23,d8DgndRyHWM,Funny,5.77,31437876,455303,https://www.youtube.com/watch?v=d8DgndRyHWM
ü§£ Funniest üê∂ Dogs and üòª Cats - Awesome Funny Pet Animals Life Videos üòá,3dcli9i_pvA,Funny,15.9,17421971,107143,https://www.youtube.com/watch?v=3dcli9i_pvA
FORGET CATS! Funny KIDS vs ZOO ANIMALS are WAY FUNNIER! - TRY NOT TO LAUGH,RKU6x1n9Hak,Funny,10.35,191296864,559102,https://www.youtube.com/watch?v=RKU6x1n9Hak
Funniest Animals Scaring People Reactions of 2020 Weekly Compilation üêôü¶Üü¶Äüêì Funny Pet Videos,XY3PwSVwvCI,Funny,10.2,452973,1799,https://www.youtube.com/watch?v=XY3PwSVwvCI
AWW Animals SOO Cute! Cute baby animals Videos Compilation cute moment of the animals #5,n-J8Nw-uDk4,Funny,10.95,5060553,35156,https://www.youtube.com/watch?v=n-J8Nw-uDk4
Funniest Animals üêß - Best Of The 2020 Funny Animal Videos üòÅ - Cutest Animals Ever,3cpdLrNTcIY,Funny,9.23,225778,5401,https://www.youtube.com/watch?v=3cpdLrNTcIY
World&#39;s FUNNIEST ANIMAL VIDEOS! - I BET you will LAUGH YOUR HEAD OFF,bUf4mlRXMno,Funny,10.03,4285185,19346,https://www.youtube.com/watch?v=bUf4mlRXMno
Funny Videos Animals - üê∂ It&#39;s time to LAUGH with Dog&#39;s life - Dog 2020,kdJvv3RipNY,Funny,8.27,221281,1310,https://www.youtube.com/watch?v=kdJvv3RipNY
Funniest Animals Scaring People Reactions of 2019 Weekly Compilation üòÜüòÇü§£ Funny Animal Videos,6XHfuAPP7C4,Funny,10.28,668595,2117,https://www.youtube.com/watch?v=6XHfuAPP7C4
TRY NOT TO LAUGH - Funny Babies at the ZOO  - Funny Baby Video Compilation 2020,3NfO7yecK7A,Funny,10.58,5862829,23894,https://www.youtube.com/watch?v=3NfO7yecK7A
Best of Funny Penguins üòäüêß Cute Animals Videos Compilation,g2O_ItaKZeg,Funny,4.32,14430,328,https://www.youtube.com/watch?v=g2O_ItaKZeg
üëç Best Funny Dogs üê∂ And Cats üòπ Of The Month -Try Not To Laugh Challenge 2020,RTjgyKvr2rs,Funny,25.13,6692781,28787,https://www.youtube.com/watch?v=RTjgyKvr2rs
Amazing Animal Encounters 2019 (Funny animal attack),iYwgJcU02SY,Funny,4.52,16760003,150826,https://www.youtube.com/watch?v=iYwgJcU02SY
Funniest üòπ Cats And üê∂ Dogs Videos - Try Not To Laugh Challange üòÇ,WSwB8lmDKI4,Funny,12.27,284159,4181,https://www.youtube.com/watch?v=WSwB8lmDKI4
TRY NOT TO LAUGH üê∂üò∫üêüüê¥üêêüôâü¶É  Funniest Animals Scared People Reaction of 2020 Weekly,M2z8f4_SsV4,Funny,11.27,1105238,3232,https://www.youtube.com/watch?v=M2z8f4_SsV4
Funniest Animals üêß - Best Of The 2020 Funny Animal Videos üòÅ - Cutest Animals Ever,EFDZgr189uA,Funny,9.25,727981,13788,https://www.youtube.com/watch?v=EFDZgr189uA
Funny Videos Animals - Funniest Moments Baby Meet Animals - Animals 2020,aElhyuEG0Y0,Funny,8.55,59088,403,https://www.youtube.com/watch?v=aElhyuEG0Y0
The Cutest Kids and Animals Compilation 2019 Pt  1 üê∂üê±üê≠üêπ Funny Pet Videos,Xj-SKcIE3zg,Funny,10.02,29506843,107981,https://www.youtube.com/watch?v=Xj-SKcIE3zg
ü§£ Funniest üê∂ Dogs And üòªCats - Try Not To Laugh - Best Of The 2020 Funny Animal Videos,bCVkOqSDywI,Funny,37.72,9197183,34821,https://www.youtube.com/watch?v=bCVkOqSDywI
BAREFOOT Was A BAD IDEA! ü§£  | Funnies &amp;Fails | AFV 2020,c3Aq8lKHQaY,Funny,9.0,73375,1056,https://www.youtube.com/watch?v=c3Aq8lKHQaY
TRY NOT TO LAUGH with Your Mouth Closed ü§£ Funny Video 2020,7a4OLQw1UoY,Funny,8.67,453066,1573,https://www.youtube.com/watch?v=7a4OLQw1UoY
SNATCHED The FAIL Right Outta Her Mouth! üòÖ | Funniest Fail | AFV 2020,Cbn8mn2Qo3Q,Funny,8.62,167185,1668,https://www.youtube.com/watch?v=Cbn8mn2Qo3Q
Stop motion Cooking üçëüçë How To make SNAKE FOOD Mukbang üçë Funny Videos Oddly Satisfying,nlGsHC_d--M,Funny,0.0,9072,54,https://www.youtube.com/watch?v=nlGsHC_d--M
WATCH and TRY TO STOP LAUGHING - Super FUNNY VIDEOS compilation,DODLEX4zzLQ,Funny,10.03,62380599,174305,https://www.youtube.com/watch?v=DODLEX4zzLQ
TRY NOT TO LAUGH üòÜ Best Funny Videos Compilation 2020,qg5FDcEGHdw,Funny,8.28,90107,500,https://www.youtube.com/watch?v=qg5FDcEGHdw
Trolling Noobs + PUBG = Fun | PUBG MOBILE FUNNY MOMENTS,PZkrs8GRUNM,Funny,8.15,22265,1909,https://www.youtube.com/watch?v=PZkrs8GRUNM
TRY NOT TO LAUGH - Best Viral Clips | Funny Videos of the Week,8jzvTBPVTxU,Funny,10.52,1177278,7214,https://www.youtube.com/watch?v=8jzvTBPVTxU
Must Watch New Funny Video 2020 Top New Comedy Video 2020 Try To Not Laugh Episode 129 By MahaFunTv,rZi_8t0xK44,Funny,10.2,80205560,354857,https://www.youtube.com/watch?v=rZi_8t0xK44
Best Bad Ideas of The YEAR || Funny Videos,XzuouoRgIWA,Funny,10.05,89593,599,https://www.youtube.com/watch?v=XzuouoRgIWA
TRY NOT TO LAUGH - Funny Videos 2019 - Best Trolling of The Week,DsRudcH36lU,Funny,8.35,142093,695,https://www.youtube.com/watch?v=DsRudcH36lU
Funniest Animals üêß - Best Of The 2020 Funny Animal Videos üòÅ - Cutest Animals Ever,z6EchXyieos,Funny,9.1,10306047,203579,https://www.youtube.com/watch?v=z6EchXyieos
TRY TO NOT LAUGH CHALLENGE  Must Watch New Funny Video 2020_Episode 140 By Maha Fun Tv,khjc5UGVV2o,Funny,8.48,42145859,163924,https://www.youtube.com/watch?v=khjc5UGVV2o
TRY TO NOT LAUGH CHALLENGE Must Watch New Funny Video 2020_Episode 145 By Maha Fun Tv,JSpm6d-zrjQ,Funny,8.43,14288727,58698,https://www.youtube.com/watch?v=JSpm6d-zrjQ
Gettin&#39; DOCKED By the FAIL! üòÖ | Funny Fails | AFV 2020,NG2-1smswOU,Funny,8.58,260052,2390,https://www.youtube.com/watch?v=NG2-1smswOU
ü§£ Funniest üê∂ Dogs and üòª Cats - Awesome Funny Pet Animals Videos üòá,BkD2nN5275c,Funny,11.43,31328934,285957,https://www.youtube.com/watch?v=BkD2nN5275c
Another List of BAD IDEAS! üòÖ | Funniest Fails | AFV 2020,r48u7Mx62Z4,Funny,8.67,307636,2500,https://www.youtube.com/watch?v=r48u7Mx62Z4
TRY NOT TO LAUGH - Funniest Fail Videos of the Week,wEqOGQtD_Ds,Funny,10.53,280172,2546,https://www.youtube.com/watch?v=wEqOGQtD_Ds
New Funny Videos 2020 ‚óè People doing stupid things P190,KZgqObXNcso,Funny,10.2,995579,8693,https://www.youtube.com/watch?v=KZgqObXNcso
Get Ready to GET DOWN! üòÖ  | Funniest Fails  | AFV 2020,Tu7BjRCI2tE,Funny,8.68,547483,3225,https://www.youtube.com/watch?v=Tu7BjRCI2tE
Videos De Risa : Situaci√≥n divertida la gente falla con la acci√≥n | Funny Fails 2020,P_kTlbJzAN8,Funny,0.0,80048,547,https://www.youtube.com/watch?v=P_kTlbJzAN8
New Funny Videos 2020 ‚óè People doing stupid things P157,5pSY8_cn4hA,Funny,11.28,5161130,32741,https://www.youtube.com/watch?v=5pSY8_cn4hA
TRY TO NOT LAUGH CHALLENGE  Must Watch New Funny Video 2020_Episode 142 By Maha Fun Tv,LTYpIrAKVWA,Funny,8.25,20484161,77312,https://www.youtube.com/watch?v=LTYpIrAKVWA
New Funny Videos 2020 ‚óè People doing stupid things P186,YqRtCwpB_iY,Funny,10.88,614455,6080,https://www.youtube.com/watch?v=YqRtCwpB_iY
TRY NOT TO LAUGH AT THIS üòÜ Funny  Video Compilation 2020,LADaFDwaQGA,Funny,10.07,2188004,5010,https://www.youtube.com/watch?v=LADaFDwaQGA
FLAILING Into the FAIL! üò±üòÇ | Funny Fails | AFV 2020,THXQWyWg2lY,Funny,8.32,290404,2602,https://www.youtube.com/watch?v=THXQWyWg2lY
TRY NOT TO LAUGH with Your Mouth Closed ü§£ Funny Video 2020,VQJ40f_JdOI,Funny,8.22,2039360,7937,https://www.youtube.com/watch?v=VQJ40f_JdOI
At Least They FAILED Together! üòÖ | Funny Fails | AFV 2020,bnLk2dpxyz4,Funny,8.9,574218,4501,https://www.youtube.com/watch?v=bnLk2dpxyz4
New Funny Videos 2020 ‚óè People doing stupid things P118,yT0L47hpCRM,Funny,12.05,10339937,36200,https://www.youtube.com/watch?v=yT0L47hpCRM
BLINDED By the BALL! üòÇ | Funnies &amp; Fails | AFV 2020,i-Izomt4FaM,Funny,8.68,283475,2326,https://www.youtube.com/watch?v=i-Izomt4FaM
Try Not To Laugh Watching Funny Kids Fails Compilation 2019 - Part 2,je4Uw8qUj08,Funny,10.3,20889520,81600,https://www.youtube.com/watch?v=je4Uw8qUj08
Feet UP for the FAIL! üòÇ | Funny Fails | AFV 2020,qm2pZXWzSbE,Funny,8.52,268104,2487,https://www.youtube.com/watch?v=qm2pZXWzSbE
[2 HOUR] Try Not to Laugh Challenge! Funny Fails | Fails of the Week | Funniest Videos | AFV,345TLg5IJLA,Funny,121.1,499636,2952,https://www.youtube.com/watch?v=345TLg5IJLA
TRY NOT TO LAUGH - Funny WATER Fails Videos (PT.4),mRutm1U7n24,Funny,12.92,186852,1888,https://www.youtube.com/watch?v=mRutm1U7n24
TRY NOT TO LAUGH - Funny Animal Videos!,acXZ2LlPGJY,Funny,12.53,55430,827,https://www.youtube.com/watch?v=acXZ2LlPGJY
Try Not To SCREAM! (She FAILS) üò±üòÜ | Funny Pranks and Fails | AFV 2020,AeW3soSI4Zs,Funny,10.48,4125513,23640,https://www.youtube.com/watch?v=AeW3soSI4Zs
[4 HOUR] Try Not to Laugh Challenge! Funny Fails | Funniest Videos | AFV,zAe5n2F3IQI,Funny,240.52,1946821,8400,https://www.youtube.com/watch?v=zAe5n2F3IQI
TRY NOT TO LAUGH - Kid Fails &amp; Cute Baby Videos Compilation | Funny Vines 2018,N-9UoB7hnec,Funny,11.1,15196141,35313,https://www.youtube.com/watch?v=N-9UoB7hnec
New Funny Videos 2020 ‚óè People doing stupid things P181,e7s_3Tagku4,Funny,10.75,2551212,20575,https://www.youtube.com/watch?v=e7s_3Tagku4
TRY NOT TO LAUGH - Best Viral Moments | Funny Videos of the Week,4lBbKovVWMU,Funny,10.5,183995,1433,https://www.youtube.com/watch?v=4lBbKovVWMU
Best Funny Videos 2020 ‚óè People doing stupid things P24,IILXCXWr280,Funny,12.1,769954,7134,https://www.youtube.com/watch?v=IILXCXWr280
Try Not To Laugh üòÜ Funny Video 2020 - What A Nice Move üòÇ,kiUnQmez-7g,Funny,8.98,283874,1223,https://www.youtube.com/watch?v=kiUnQmez-7g
New Funny Videos 2020 ‚óè People doing stupid things P192,PkDgke_F3Q4,Funny,10.92,113645,2627,https://www.youtube.com/watch?v=PkDgke_F3Q4
What Happened Here? || Funny Videos,wT8NI2vvBGM,Funny,10.47,9177,114,https://www.youtube.com/watch?v=wT8NI2vvBGM
Gully lo cricket // telugu funny video // Always Arya,nrPuMIfx1WU,Funny,8.2,7808,951,https://www.youtube.com/watch?v=nrPuMIfx1WU
New Funny Videos 2020 ‚óè People doing stupid things P194,CNTTTyX6rWE,Funny,11.52,56348,2002,https://www.youtube.com/watch?v=CNTTTyX6rWE
TRY TO NOT LAUGH CHALLENGE  Must Watch New Funny Video 2020_Episode 139 By Maha Fun Tv,lf55qCEnFzk,Funny,8.25,30929342,117339,https://www.youtube.com/watch?v=lf55qCEnFzk
Gotta Keep the FAIL From FLYING AWAY! üòÇ  | Funnies and Fails | AFV 2020,SsqYa-PgQLQ,Funny,8.5,266333,2520,https://www.youtube.com/watch?v=SsqYa-PgQLQ
LAUGHING Through the FAIL! ü§£ | Funnies &amp; Fails | AFV 2020,Dgp28bMZ7dc,Funny,8.25,247817,2407,https://www.youtube.com/watch?v=Dgp28bMZ7dc
TRY NOT TO LAUGH - Funny WATER Fails Videos (PT.2),tVjm6mR8I5Q,Funny,10.28,619879,4503,https://www.youtube.com/watch?v=tVjm6mR8I5Q
The Neighbors&#39; Window - Oscar Winning Short Film,k1vCrsZ80M4,Short Movie,20.63,6199686,222362,https://www.youtube.com/watch?v=k1vCrsZ80M4
&quot;Alone&quot; - *Award Winning* Post-Apocalyptic Short Film,wbTc81JmQTs,Short Movie,6.18,3621846,28511,https://www.youtube.com/watch?v=wbTc81JmQTs
REBOOTED | Short Film,1Rkn6rnsgc4,Short Movie,12.78,2525666,97172,https://www.youtube.com/watch?v=1Rkn6rnsgc4
Is This Free? (Short Comedy Film),sxCWB47ZCLQ,Short Movie,8.62,3047421,28426,https://www.youtube.com/watch?v=sxCWB47ZCLQ
&quot;A Folded Wish&quot; | CGI Animated Short Film (2020),9HEkdFzHLHs,Short Movie,8.0,6592882,121764,https://www.youtube.com/watch?v=9HEkdFzHLHs
Hindi Comedy Short Film- Manoharji Ki Nimmi l Seema Pahwa l Husband and Wife Relationship,fJeKTc9sbDs,Short Movie,13.4,529946,6948,https://www.youtube.com/watch?v=fJeKTc9sbDs
Award Winning Hindi Short Film | The Blue Helmet | Six Sigma Films,kHq0jniKmIE,Short Movie,9.97,222396,5966,https://www.youtube.com/watch?v=kHq0jniKmIE
Sci-Fi Short Film: &quot;Laws of the Universe&quot; | DUST Exclusive,ssb5x5Ic0N8,Short Movie,14.22,398502,6732,https://www.youtube.com/watch?v=ssb5x5Ic0N8
Dear Biwi ( Short Film ) | Rahim Pardesi | Heena Chaudhary,iFuY20IERq8,Short Movie,9.45,1384524,65139,https://www.youtube.com/watch?v=iFuY20IERq8
Painkiller | Dark Comedy Short Film | MYM,HgZIYY1Ty7o,Short Movie,14.5,1510439,32423,https://www.youtube.com/watch?v=HgZIYY1Ty7o
Alternative Math | Short Film,Zh3Yz3PiXZw,Short Movie,9.12,9052685,225168,https://www.youtube.com/watch?v=Zh3Yz3PiXZw
"‡§¶‡•á‡§µ‡§∞‡§æ‡§®‡•Ä ‡§ú‡•á‡§†‡§æ‡§®‡•Ä Devrani Jethani Heart touching new nepali Short Movie Ash Narayan ,Muna Anita,Dipshan",DlPk7hSo9Q4,Short Movie,35.47,126865,1327,https://www.youtube.com/watch?v=DlPk7hSo9Q4
Royal Stag Barrel Select Large Short Films | Call Him Eddy | Sanjay Suri | Eisha Chopra,WnNJaYYF16M,Short Movie,20.4,1458579,27654,https://www.youtube.com/watch?v=WnNJaYYF16M
MONOLOG - Short Movie,WnHUib6W0gU,Short Movie,5.82,499,79,https://www.youtube.com/watch?v=WnHUib6W0gU
Tamas | Short Film | Adhvik Mahajan | Rashami Desai,FuKhNWUneJM,Short Movie,23.12,2565514,111076,https://www.youtube.com/watch?v=FuKhNWUneJM
Gharelu (Hindi Short film) - Home Maid secretly runs a YouTube Channel,jAGs95M7ahs,Short Movie,13.97,1417071,38312,https://www.youtube.com/watch?v=jAGs95M7ahs
Award Winning Hindi Short Film | Masala Steps - Story Of Life &amp; Relationships | Six Sigma Films,24Db-vgCsDE,Short Movie,20.93,235225,5355,https://www.youtube.com/watch?v=24Db-vgCsDE
Stationary (2020) | Drama Short Film | MYM,WSvsRe4hqCs,Short Movie,12.78,172883,3800,https://www.youtube.com/watch?v=WSvsRe4hqCs
‡®Æ‡®ú‡®¨‡©Ç‡®∞‡©Ä || New Punjabi short movie ||  2020 || #charanpal,9kLacQwM8wE,Short Movie,16.08,114392,1901,https://www.youtube.com/watch?v=9kLacQwM8wE
THE MASK - Short Film,QVoTirScoiQ,Short Movie,5.28,21823068,141940,https://www.youtube.com/watch?v=QVoTirScoiQ
KAMU DIA (SHORT MOVIE),1aJysM79SaU,Short Movie,16.15,506627,37644,https://www.youtube.com/watch?v=1aJysM79SaU
Coin Operated - Animated Short Film,5L4DQfVIcdg,Short Movie,5.25,11327095,72755,https://www.youtube.com/watch?v=5L4DQfVIcdg
Happy Birthday | Short Film Ft. Helly Shah | Seemaa Desai,WkOk16oRQVE,Short Movie,21.33,130680,13066,https://www.youtube.com/watch?v=WkOk16oRQVE
Anxiety - Short Film,mRqR4mOC4gc,Short Movie,6.27,9071832,346467,https://www.youtube.com/watch?v=mRqR4mOC4gc
SHORT MOVIE TERLANJUR MENCINTA,s3HRaTAPlSk,Short Movie,8.5,101866,3201,https://www.youtube.com/watch?v=s3HRaTAPlSk
LDR - Short Movie,DXPYwrs7nqo,Short Movie,25.77,219492,9281,https://www.youtube.com/watch?v=DXPYwrs7nqo
JOY (2020) | Drama Short Film | MYM [2K],qIwPsgP9KSg,Short Movie,23.05,34864,2694,https://www.youtube.com/watch?v=qIwPsgP9KSg
Dark Comedy Short Film | Dig Your Own Grave,GEKCY8VZSb0,Short Movie,13.8,5443,297,https://www.youtube.com/watch?v=GEKCY8VZSb0
Listen To Me - Short Film,ctbI3RftTNk,Short Movie,8.13,2489233,84233,https://www.youtube.com/watch?v=ctbI3RftTNk
WAJOOD (Selfhood) ‡§µ‡§ú‡•Ç‡§¶ | Short Film | Bawra Manjhi | 2018,r6qmspmMvS0,Short Movie,12.22,4360699,31449,https://www.youtube.com/watch?v=r6qmspmMvS0
SHIN-CHAN - HIMAWARI : ‡§∂‡•Ä‡§® ‡§ö‡•à‡§® 2 SHORT FILM | DESI SHINCHAN | SHIRO | #Funny #Bloopers || MOHAK MEET,DqbSXcLMr7c,Short Movie,12.0,215851,10560,https://www.youtube.com/watch?v=DqbSXcLMr7c
SHORT MOVIE RIZKY FEBIAN ‚ÄúJEJAK BIAN&quot;,PY5IpN3LxVU,Short Movie,39.1,1506071,80114,https://www.youtube.com/watch?v=PY5IpN3LxVU
SHORT MOVIE - TANYA HATI #PESANPERASAAN,OuEXbD06X7I,Short Movie,5.02,38321,1736,https://www.youtube.com/watch?v=OuEXbD06X7I
Pip | A Short Animated Film,07d2dXHYb94,Short Movie,4.1,209709170,1058010,https://www.youtube.com/watch?v=07d2dXHYb94
Hindi Touching Short Film - Baalak | An emotional drama filled with sentiments &amp; emotions,LWVszQoVnGY,Short Movie,14.28,1712767,22851,https://www.youtube.com/watch?v=LWVszQoVnGY
Horror Short Film ‚ÄúBackstroke‚Äù | ALTER,3_DQmfFjTlU,Short Movie,10.37,6404221,48310,https://www.youtube.com/watch?v=3_DQmfFjTlU
Haba Goba | Tridha Choudhury and Ritwik Bhowmik | Short Film | TTT,CC6HuEpPUE4,Short Movie,10.7,554992,24096,https://www.youtube.com/watch?v=CC6HuEpPUE4
The Twist | Short Film | Ritvik Sahore | Sushama Deshpande | Gayatri Salkar | Uttara Krishnadas,AxOe5CiNydg,Short Movie,13.35,3444180,120202,https://www.youtube.com/watch?v=AxOe5CiNydg
‡®®‡®ú‡®æ‡®á‡®ú‡®º ‡®∏‡®¨‡©∞‡®ß ‡®Æ‡©à‡®°‡®Æ ‡®®‡®æ‡®≤ Nazayaz Sambandh punjabi short movie Angad tv Abhepur,t8TC8sosVXs,Short Movie,26.88,174915,4015,https://www.youtube.com/watch?v=t8TC8sosVXs
Royal Stag Barrel Select Large Short Films | The Relationship Manager | Falguni Thakore,KbpQM3NiJrI,Short Movie,18.2,3131993,67767,https://www.youtube.com/watch?v=KbpQM3NiJrI
Devi | Kajol | Royal Stag Barrel Select Large Short Films,2KP0aDTVtFI,Short Movie,13.03,16904714,662392,https://www.youtube.com/watch?v=2KP0aDTVtFI
Short Movie - KUYUP (2020),vD5Pvzt8KS0,Short Movie,11.55,333670,19700,https://www.youtube.com/watch?v=vD5Pvzt8KS0
Hair Love | Oscar¬Æ-Winning Short Film (Full) | Sony Pictures Animation,kNw8V_Fkw28,Short Movie,6.8,44264404,1732913,https://www.youtube.com/watch?v=kNw8V_Fkw28
‡®Æ‡®æ‡©ú‡®æ ‡®∏‡®Æ‡®æ‡®Ç true story #RishtayForever New punjabi short film,Y5neQNTNPO8,Short Movie,10.38,10930,576,https://www.youtube.com/watch?v=Y5neQNTNPO8
DOORBELL - a short film | SHOR Films,_Sr11Bwsrs0,Short Movie,7.98,31270,384,https://www.youtube.com/watch?v=_Sr11Bwsrs0
Wife In Private Party | Married Couple | Hindi Short Film,ujsI95u7jn4,Short Movie,12.88,79627,156,https://www.youtube.com/watch?v=ujsI95u7jn4
Award Winning Hindi Short Film | Tabeeb -The Physician | Six Sigma Films,CFRCAyfA1Xo,Short Movie,28.75,117603,1264,https://www.youtube.com/watch?v=CFRCAyfA1Xo
Monster Under Pari&#39;s Sofa | Funny Short Film /Story | Pari&#39;s Lifestyle,Xnu7TzNbMGc,Short Movie,8.05,539345,12557,https://www.youtube.com/watch?v=Xnu7TzNbMGc
Suara Kirana (2020) - OFFICIAL SHORT MOVIE,tD1JF7iqsjs,Short Movie,29.08,559433,13995,https://www.youtube.com/watch?v=tD1JF7iqsjs
Michael - Tamil Official Short Film | Tea Podu,2rez70TaUq4,Short Movie,16.03,4630,539,https://www.youtube.com/watch?v=2rez70TaUq4
